year,division,ALP_2PP,first_prefs,total_votes,first_prefs_percent
2007,Adelaide,0.6260857489142511,41548,82487,0.5036914907803653
2007,Aston,0.47927329556554016,31820,79397,0.40077080998022596
2007,Ballarat,0.5871661893335397,32779,66275,0.49459072048283664
2007,Banks,0.5952527496052878,39676,79077,0.501738811538121
2007,Barker,0.4098682201498673,26088,88677,0.29419127846002907
2007,Barton,0.7011568786382728,41255,73395,0.5620955105933647
2007,Bass,0.5186289891553594,21784,60059,0.36271000183153235
2007,Bean,0.6197385156920164,35397,69356,0.5103668031605052
2007,Bendigo,0.5692412539754657,31231,68469,0.4561334326483518
2007,Bennelong,0.5184338262113858,32716,76154,0.4296031725188434
2007,Berowra,0.3986750727179102,21530,75551,0.28497306455242155
2007,Blair,0.5755351780179544,32277,64806,0.4980557355800389
2007,Blaxland,0.685924514969508,40239,71820,0.5602756892230576
2007,Bonner,0.5567488863580665,34571,71550,0.483172606568833
2007,Boothby,0.49450337073542283,33305,90820,0.36671438009249063
2007,Bowman,0.5032590412111018,29622,68996,0.42932923647747695
2007,Braddon,0.5216011018913562,26357,61602,0.42785948508165317
2007,Bradfield,0.36123853211009177,18285,72773,0.25126076979099393
2007,Brand,0.5760505541822821,23955,52316,0.45789051150699595
2007,Brisbane,0.544109002667792,28480,68430,0.41619172877392957
2007,Bruce,0.6793943732930289,46608,79113,0.5891320010617724
2007,Burt,0.5097496888397178,24871,60363,0.4120239219389361
2007,Calare,0.49409535318027026,26377,75740,0.3482571956693953
2007,Calwell,0.7343894624421502,36235,59459,0.6094115272708925
2007,Canberra,0.6722709509335649,29650,58943,0.5030283494223232
2007,Canning,0.4396912061758765,18279,51733,0.35333346220014306
2007,Capricornia,0.6254993342210386,36932,68584,0.5384929429604572
2007,Casey,0.48238914533501187,26796,73900,0.3625981055480379
2007,Chifley,0.7150345407775315,40242,67456,0.5965666508538899
2007,Chisholm,0.5477869942379535,36359,80880,0.44954253214638973
2007,Clark,0.6595387759824148,25522,53307,0.47877389461046393
2007,Cook,0.43567365161661986,25626,72572,0.35311139282367854
2007,Cooper,0.7678855560139077,39385,70769,0.5565289886814848
2007,Corangamite,0.5323658894505137,23977,56744,0.4225468772028761
2007,Corio,0.5895313295975547,32959,73354,0.4493142841562832
2007,Cowan,0.530530685053686,27192,61216,0.44419759539989545
2007,Cowper,0.4636409131154483,27743,81452,0.3406055099936159
2007,Cunningham,0.6994342482810892,40914,77581,0.5273713924801176
2007,Curtin,0.3600296918679028,15638,64572,0.24217927274979867
2007,Dawson,0.5264036552148318,32443,71193,0.45570491480904024
2007,Deakin,0.47859861835612577,27894,72606,0.38418312536154037
2007,Dickson,0.5156813127827621,29554,67122,0.44030273233813055
2007,Dobell,0.5560277275467149,32020,69605,0.46002442353279216
2007,Dunkley,0.4938294093537957,27626,67761,0.407697643187084
2007,Durack,0.4143142238217886,18728,61481,0.30461443372749303
2007,Eden-Monaro,0.5309608438502827,30669,72254,0.4244609294987129
2007,Fadden,0.38758788684050266,17990,56765,0.31692063771690304
2007,Fairfax,0.47863070179997574,21412,59906,0.3574266350615965
2007,Farrer,0.3450304634131331,23762,84754,0.2803643485853175
2007,Fenner,0.61774351548192,23827,48297,0.4933432718388306
2007,Fisher,0.47062727613083283,19440,60514,0.3212479756750504
2007,Flinders,0.4299365207995678,20777,60926,0.34102025407871844
2007,Flynn,0.5416733194954495,30570,65486,0.4668173350029014
2007,Forde,0.5490160580770136,26610,58192,0.4572793511135551
2007,Forrest,0.42826198389470377,17301,62506,0.2767894282148914
2007,Fowler,0.7057416267942583,45282,76141,0.5947124413916287
2007,Franklin,0.5391160577465924,20184,51007,0.39571039269119923
2007,Fraser,0.7287389222216106,46606,76395,0.6100661038026048
2007,Fremantle,0.6061119120260167,27896,62542,0.4460362636308401
2007,Gellibrand,0.7048370251438013,38464,67019,0.5739267968784971
2007,Gilmore,0.4843494085532302,26158,68914,0.37957454218301073
2007,Gippsland,0.43984185991620933,24822,69957,0.3548179596037566
2007,Goldstein,0.4495295124037639,23542,69486,0.33880206084678927
2007,Gorton,0.6924851280806119,25719,42903,0.5994685686315643
2007,Grayndler,0.732745487281289,34941,68833,0.5076198916217511
2007,Greenway,0.5465951932139491,33216,72389,0.4588542458108276
2007,Grey,0.4495177956371986,33245,91125,0.36482853223593964
2007,Griffith,0.6191677175283733,31862,62135,0.5127866741771948
2007,Groom,0.4249122082214419,24165,69980,0.3453129465561589
2007,Hasluck,0.4842190898374591,22973,62841,0.365573431358508
2007,Herbert,0.5102471552673437,28962,68453,0.4230932172439484
2007,Higgins,0.4611664251055517,21973,65301,0.336487955774031
2007,Hindmarsh,0.6181116396848225,42676,85207,0.5008508690600537
2007,Hinkler,0.4901745472424814,26565,63704,0.4170067813638076
2007,Holt,0.5960423294749431,23798,45948,0.517933315922347
2007,Hotham,0.618701511901925,41516,78151,0.5312280073191642
2007,Hughes,0.46377562145660706,29403,75971,0.3870292611654447
2007,Hume,0.4546354445580384,24239,64404,0.376358611266381
2007,Hunter,0.6508497464408338,39761,72848,0.5458077092027235
2007,Indi,0.41789673454633086,21781,68521,0.3178733526947943
2007,Isaacs,0.531407739764442,28509,66234,0.4304284808406559
2007,Jagajaga,0.5851887243191591,35937,75429,0.4764347929841308
2007,Kennedy,0.43660805747723225,21614,74434,0.2903780530402773
2007,Kingsford Smith,0.63789272267144,34452,68671,0.501696494881391
2007,Kingston,0.5375653645032298,36057,80992,0.4451921177400237
2007,Kooyong,0.42269941219999163,22800,73241,0.31130104722764573
2007,La Trobe,0.46341359289617484,18930,48483,0.3904461357589258
2007,Lalor,0.6619678601635185,27958,47828,0.584552981517103
2007,Leichhardt,0.5407802310181227,25555,62923,0.40613130333900166
2007,Lilley,0.5910789896335231,35926,70764,0.5076875247300887
2007,Lindsay,0.5675056242969628,36582,75543,0.48425400103252453
2007,Lingiari,0.48692365170761726,9088,23451,0.38753144855230054
2007,Longman,0.5202760698582864,26377,59277,0.44497865951380805
2007,Lyne,0.43630758740215647,25014,74040,0.33784440842787683
2007,Lyons,0.5933265277527573,22784,51692,0.44076452836028784
2007,Macarthur,0.5913133880097031,36971,73931,0.5000743936914149
2007,Mackellar,0.38175670975192355,17840,75558,0.23611000820561687
2007,Macnamara,0.5964709823921379,23695,55025,0.43062244434348024
2007,Macquarie,0.5025876531976,26561,73020,0.3637496576280471
2007,Makin,0.5994460564494857,44505,87216,0.5102848101265823
2007,Mallee,0.3258010203435747,20544,82304,0.24961119751166408
2007,Maranoa,0.3746835061490234,20780,69191,0.30032807735110056
2007,Maribyrnong,0.6334553986144797,33952,65633,0.5173007480992793
2007,Mayo,0.4442869938371456,24053,77039,0.3122184867404821
2007,McEwen,0.5230019034583057,20460,48539,0.42151671851500855
2007,McMahon,0.6377689605643017,41156,76536,0.5377338768684018
2007,McPherson,0.4139305780035404,23257,67300,0.34557206537890045
2007,Melbourne,0.7269992956539948,25906,54081,0.47902220742959634
2007,Menzies,0.4731319853483785,27883,76692,0.3635711677880353
2007,Mitchell,0.41751482640909876,22018,66373,0.33173127627197807
2007,Monash,0.4421639827386591,20759,59111,0.35118675035103447
2007,Moncrieff,0.37152809606746723,20329,68365,0.297359760111168
2007,Moore,0.4105780403466282,23833,73631,0.3236816014993685
2007,Moreton,0.5700257158465577,36922,77629,0.4756212240271033
2007,New England,0.37608619149454536,10042,76359,0.13151036551028694
2007,Newcastle,0.6588019196191807,39549,81122,0.48752496240230764
2007,Nicholls,0.34463203275320803,18331,73076,0.2508484317696645
2007,North Sydney,0.45257297947476366,23415,67371,0.34755310148283386
2007,O'Connor,0.3921120361184201,19598,72789,0.2692439791726772
2007,Oxley,0.6208845208845208,34677,63807,0.5434670177253279
2007,Page,0.5367154851575698,32914,82491,0.39900110315064674
2007,Parkes,0.3943090523148024,21758,78087,0.2786379294889034
2007,Parramatta,0.608115446003982,33204,65340,0.5081726354453627
2007,Paterson,0.6130601539806537,38826,74296,0.5225853343383224
2007,Pearce,0.4069536026855293,13874,43514,0.3188399135910282
2007,Perth,0.5680140761732739,28837,67141,0.42949911380527545
2007,Petrie,0.5454915785350568,31672,65955,0.48020620119778634
2007,Rankin,0.6211406622258958,35123,64689,0.5429516610242854
2007,Reid,0.5765862773352758,31306,66475,0.4709439638962016
2007,Richmond,0.5837116786701962,29935,70984,0.4217147526203088
2007,Riverina,0.3532126603759031,22150,80873,0.27388621666069024
2007,Robertson,0.5032697665689827,29814,71772,0.41539876274870424
2007,Ryan,0.49432072515666964,28181,73085,0.3855921187658206
2007,Scullin,0.7439917985950052,39844,62265,0.6399100618324902
2007,Shortland,0.6494261867501304,43253,80301,0.5386358824921234
2007,Solomon,0.5100410436822046,17531,42217,0.4152592557500533
2007,Spence,0.6357348060134438,39583,75623,0.5234254129034818
2007,Stirling,0.5018976271410185,25762,64102,0.4018907366384824
2007,Sturt,0.4994152182220318,36274,89407,0.4057176731128435
2007,Swan,0.5000413873023757,24709,63444,0.3894615724103146
2007,Sydney,0.7044815525990947,28763,61366,0.4687123162663364
2007,Tangney,0.41718838107080375,22370,71170,0.31431783054657864
2007,Wannon,0.43610110237486105,27862,76790,0.3628337023049876
2007,Warringah,0.4134158539634909,18225,66350,0.274679728711379
2007,Watson,0.7088525335889396,38630,68495,0.5639827724651434
2007,Wentworth,0.44843586542030844,17449,62400,0.27963141025641025
2007,Werriwa,0.6834645175452351,40397,68821,0.5869865302741896
2007,Whitlam,0.6676315433518193,43171,77653,0.5559476130993007
2007,Wide Bay,0.41983458297905235,20135,67633,0.29770969792852603
2007,Wills,0.748046404903644,36850,65475,0.5628102329133257
2007,Wright,0.4614919797846627,20918,56763,0.3685147014780755
2010,Adelaide,0.6251829395776709,37009,81306,0.4551816594101296
2010,Aston,0.5046455065061413,33127,86300,0.38385863267670917
2010,Ballarat,0.6187874659400545,38247,76350,0.500943025540275
2010,Banks,0.514451746800415,31346,78689,0.3983530099505649
2010,Barker,0.3811044437426162,24610,90681,0.27139091981782293
2010,Barton,0.600028350698136,35399,79134,0.447329845578386
2010,Bass,0.5721589471019995,25730,61841,0.41606701055933765
2010,Bean,0.5908972826934068,34988,81251,0.4306162385693715
2010,Bendigo,0.5987300898162972,34838,76597,0.45482199041737925
2010,Bennelong,0.46802664920422515,26268,76062,0.34534984617811787
2010,Berowra,0.3366352581138761,16769,78244,0.21431675272225345
2010,Blair,0.5397596762348235,26579,68092,0.39033954062151205
2010,Blaxland,0.6314216775059522,32800,73254,0.4477571190651705
2010,Bonner,0.48305348951142385,25031,71229,0.35141585590138846
2010,Boothby,0.5135351705396648,33126,90430,0.36631648789118654
2010,Bowman,0.3957981509574377,21155,74013,0.28582816532230826
2010,Braddon,0.577267589952936,29006,62133,0.46683726844028134
2010,Bradfield,0.3140672782874618,13644,75127,0.18161246955155935
2010,Brand,0.546980455568054,23728,60183,0.39426416097569084
2010,Brisbane,0.4939453505994628,20600,69386,0.296889862508287
2010,Bruce,0.6774267276149503,43949,79810,0.5506703420623982
2010,Burt,0.5174476051796766,23996,61097,0.39275250830646347
2010,Calare,0.4085642013972537,25176,87528,0.2876336715108308
2010,Calwell,0.7263794543935487,33121,59472,0.5569175410277105
2010,Canberra,0.6585377501154073,27824,65415,0.4253458686845525
2010,Canning,0.4539783035284535,20514,56554,0.3627329631856279
2010,Capricornia,0.5450336513571481,31594,72277,0.43712384299293
2010,Casey,0.501083098444514,28396,80189,0.3541134070757835
2010,Chifley,0.631743041797928,32675,69711,0.4687208618438984
2010,Chisholm,0.5392217180650619,33240,80890,0.41092842131289403
2010,Clark,0.6634221403138364,20275,58079,0.3490934761273438
2010,Cook,0.3673963539100443,20940,75974,0.2756206070497802
2010,Cooper,0.7605450236966824,35654,71413,0.49926483973506225
2010,Corangamite,0.54380073800738,23183,56166,0.4127586084107823
2010,Corio,0.6146321656638736,40047,84979,0.47125760482001433
2010,Cowan,0.4723024322840086,20189,59997,0.3365001583412504
2010,Cowper,0.3894084186575654,19685,91545,0.2150308591403135
2010,Cunningham,0.6522411325769192,40166,83571,0.48062126814325545
2010,Curtin,0.3304525381072226,11894,65098,0.18270914621032905
2010,Dawson,0.4743141721254651,28196,75257,0.3746628220630639
2010,Deakin,0.49207302426134997,28388,77780,0.36497814348161484
2010,Dickson,0.4563357268779292,24045,73246,0.32827731207164895
2010,Dobell,0.5670529914064308,35450,78394,0.45220297471745285
2010,Dunkley,0.523101130024317,29155,73115,0.39875538535184296
2010,Durack,0.3543496649098835,14355,64829,0.2214286816085394
2010,Eden-Monaro,0.5235098456625865,31297,80138,0.39053882053457784
2010,Fadden,0.3516065388951522,15418,60627,0.25430913619344514
2010,Fairfax,0.43843498273878023,17721,66963,0.2646386810626764
2010,Farrer,0.3116124459218341,17808,87349,0.20387182452002886
2010,Fenner,0.6144616635154,26662,59580,0.44749916079221214
2010,Fisher,0.4632665832290363,19365,67553,0.2866638047162968
2010,Flinders,0.43157830978664125,22202,68923,0.32212759166025856
2010,Flynn,0.48427904888646606,26358,66168,0.39834965542256073
2010,Forde,0.49538634794928615,21243,59650,0.35612740989103103
2010,Forrest,0.4006514657980456,17229,67291,0.2560372115141698
2010,Fowler,0.5831255903256275,33626,74904,0.44892128591263486
2010,Franklin,0.6141421461126261,22550,54473,0.413966552236888
2010,Fraser,0.736243803655067,49902,86774,0.5750800931154493
2010,Fremantle,0.5694368595200617,24910,66130,0.3766822924542568
2010,Gellibrand,0.7340142517814727,37417,66642,0.5614627412142492
2010,Gilmore,0.44436166182598813,27870,83803,0.3325656599405749
2010,Gippsland,0.38398133353622965,25186,82114,0.3067199259565969
2010,Goldstein,0.445351668815356,21427,72051,0.29738657339939767
2010,Gorton,0.7365502993507042,30266,51177,0.5913984797858413
2010,Grayndler,0.7038600723763571,28753,67328,0.4270585788973384
2010,Greenway,0.5009488195568454,29971,79902,0.37509699381742634
2010,Grey,0.40117190723776514,27338,89962,0.3038838620750984
2010,Griffith,0.5751349320215892,25518,61635,0.4140180092479922
2010,Groom,0.320376052016776,16432,74299,0.22116044630479548
2010,Hasluck,0.46990011850347047,20408,62575,0.3261366360367559
2010,Herbert,0.48002996606783493,27428,72767,0.3769291024777715
2010,Higgins,0.44352828969633573,19409,66978,0.2897817193705396
2010,Hindmarsh,0.6251119153604621,39177,84722,0.4624182620806874
2010,Hinkler,0.399663595144069,22592,72639,0.31101749748757557
2010,Holt,0.6127982004380512,26822,53783,0.4987077701132328
2010,Hotham,0.6138228340981783,41305,82876,0.49839519281818623
2010,Hughes,0.4308310850129609,26692,80202,0.3328096556195606
2010,Hume,0.42249407697694863,22608,71488,0.31624888093106535
2010,Hunter,0.6274210316900053,42495,83623,0.5081735886060055
2010,Indi,0.41019206897932486,21320,78107,0.2729588897281934
2010,Isaacs,0.5696506617897771,29743,67421,0.441153349846487
2010,Jagajaga,0.6131910046205634,37724,81682,0.4618398178301217
2010,Kennedy,0.3851923238079276,15355,75876,0.20236965575412516
2010,Kingsford Smith,0.5492832823095191,30871,76458,0.4037641580998718
2010,Kingston,0.6262817121406797,39737,83968,0.4732398056402439
2010,Kooyong,0.43531456378171707,20551,74047,0.2775399408483801
2010,La Trobe,0.486675006634065,20819,55158,0.377442981979042
2010,Lalor,0.7261102026567696,35351,57983,0.6096786989289964
2010,Leichhardt,0.45559887710542735,22111,68242,0.3240086750095249
2010,Lilley,0.5362776497351013,27774,70202,0.39562975413805873
2010,Lindsay,0.5069369602881192,32577,80025,0.40708528584817244
2010,Lingiari,0.5249826509368494,9832,27738,0.35445958612733436
2010,Longman,0.47730334835908783,22538,65061,0.34641336591813837
2010,Lyne,0.3892995700954178,17113,80105,0.2136321078584358
2010,Lyons,0.6380872345658769,24966,51517,0.48461672845856707
2010,Macarthur,0.5343948954671861,31744,78237,0.40574152894410576
2010,Mackellar,0.34529082759259017,16228,79925,0.2030403503284329
2010,Macnamara,0.5981351981351981,22878,59923,0.3817899637868598
2010,Macquarie,0.4885309006538705,24909,80337,0.3100563874677919
2010,Makin,0.6312590656804805,42941,89283,0.4809538209961583
2010,Mallee,0.2907281110417367,19438,87281,0.22270597266300798
2010,Maranoa,0.28773216679186364,14464,71856,0.201291471832554
2010,Maribyrnong,0.65207635188001,34357,71279,0.48200732333506363
2010,Mayo,0.4424960789859358,20704,81576,0.25380013729528295
2010,McEwen,0.5724384819830407,25322,58057,0.4361575692853575
2010,McMahon,0.5793850292810848,37362,83291,0.4485718745122522
2010,McPherson,0.39697865924379494,19996,73544,0.2718916566953116
2010,Melbourne,0.7305674046990318,21976,61265,0.35870399085938137
2010,Menzies,0.45326622431678304,26216,78118,0.3355948693002893
2010,Mitchell,0.3364053976457077,18998,73865,0.257198944019495
2010,Monash,0.44702521784292226,24094,72232,0.3335640713257282
2010,Moncrieff,0.3274451128278726,15476,70011,0.22105097770350374
2010,Moore,0.38656396517079705,19907,77954,0.25536855068373654
2010,Moreton,0.5130630314103014,26161,75167,0.34803836790080755
2010,New England,0.33983751810126894,8491,84652,0.10030477720550017
2010,Newcastle,0.6281229048865951,38135,84051,0.4537126268575032
2010,Nicholls,0.3299377549952924,20271,81282,0.24939100907950099
2010,North Sydney,0.367664437554743,16500,75541,0.2184244317655313
2010,O'Connor,0.29410080593211846,13869,74085,0.18720388742660457
2010,Oxley,0.5624502388535032,27381,64865,0.422122870577353
2010,Page,0.5309394428942087,35099,85785,0.40915078393658566
2010,Parkes,0.3472547685640134,19093,84232,0.2266715737486941
2010,Parramatta,0.5487967047223664,27842,68042,0.40918844243261515
2010,Paterson,0.5774478652105418,37894,80222,0.4723641893744858
2010,Pearce,0.3978520234718403,13568,48987,0.27697144140282115
2010,Perth,0.5468113134444014,25055,67976,0.3685859715193598
2010,Petrie,0.5187525672217131,26915,66898,0.4023289186522766
2010,Rankin,0.558528756714267,27858,66192,0.4208665699782451
2010,Reid,0.4909116440172874,24811,69619,0.3563825967049225
2010,Richmond,0.5613797857673136,30669,79946,0.3836214444750206
2010,Riverina,0.32807635936383345,19611,87276,0.2247009487144232
2010,Robertson,0.511942696478779,29990,79856,0.3755509917852134
2010,Ryan,0.4331454340473506,19350,77642,0.2492207825661369
2010,Scullin,0.7468832153282906,40298,66251,0.6082625167921993
2010,Shortland,0.631210701111855,41047,81613,0.5029468344503939
2010,Solomon,0.48374701881459237,16506,47791,0.3453788370195225
2010,Spence,0.6802088157285395,38769,76678,0.5056078666631889
2010,Stirling,0.4532831559823514,20574,65278,0.3151750972762646
2010,Sturt,0.4682185802718023,30779,89093,0.34547046344830684
2010,Swan,0.46945952021580656,22070,65662,0.3361152569218117
2010,Sydney,0.6620476522779384,25361,64075,0.39580179477175187
2010,Tangney,0.3885002508928835,18092,70233,0.25759970384292286
2010,Wannon,0.43987345607932027,26119,87115,0.2998220742696436
2010,Warringah,0.3667900024862161,14852,71734,0.20704268547690077
2010,Watson,0.6201715743102248,33966,75074,0.45243359884913553
2010,Wentworth,0.329819156276577,12519,65366,0.19152158614570267
2010,Werriwa,0.5762233269081194,30183,66886,0.4512603534371916
2010,Whitlam,0.6113304942573236,38710,83255,0.4649570596360579
2010,Wide Bay,0.34564693862657814,16666,72563,0.22967628130038725
2010,Wills,0.7465622788937767,34904,69694,0.5008178609349442
2010,Wright,0.4088078774933932,16004,58853,0.27193176218714427
2013,Adelaide,0.5764002913544277,36857,85116,0.4330208186474928
2013,Aston,0.4335639703107309,26486,83430,0.3174637420592113
2013,Ballarat,0.5468960999023973,31172,78601,0.3965852851744889
2013,Banks,0.4693770621804948,28102,78033,0.36012968872143836
2013,Barker,0.34238034321013266,16700,91846,0.18182610021122314
2013,Barton,0.5423483122799752,32199,83007,0.3879070439842423
2013,Bass,0.4610862167716721,20448,62081,0.3293761376266491
2013,Bean,0.569934890846419,32997,81812,0.40332714027282063
2013,Bendigo,0.5159403017416506,27279,78528,0.34737927872860636
2013,Bennelong,0.4253754714668918,24315,79862,0.3044626981543162
2013,Berowra,0.31209888281435705,13772,75911,0.18142298217649616
2013,Blair,0.5491017875390608,27795,71688,0.38772179444258453
2013,Blaxland,0.6335794996628235,35046,71292,0.49158390843292377
2013,Bonner,0.47879842191916994,24048,67452,0.3565201921366305
2013,Boothby,0.4408765721970524,29808,94352,0.31592335085636764
2013,Bowman,0.41444021240512663,21672,75443,0.2872632318439087
2013,Braddon,0.47252820393357514,22484,62416,0.3602281466290695
2013,Bradfield,0.2852614665498101,10994,72803,0.15101026056618547
2013,Brand,0.5452554984854471,25513,64631,0.394748650028624
2013,Brisbane,0.47659546925566343,24709,80370,0.30744058728381235
2013,Bruce,0.6324896365359857,38025,76345,0.4980679808762853
2013,Burt,0.4530875732608511,19588,62721,0.3123036941375297
2013,Calare,0.35316147115282703,22616,90632,0.24953658751875718
2013,Calwell,0.6606985456148082,28930,59418,0.4868894947658959
2013,Canberra,0.6477928934619249,29100,68993,0.42178191990491787
2013,Canning,0.38095079065573495,16213,63387,0.2557779986432549
2013,Capricornia,0.5006616549821212,26776,75070,0.356680431597176
2013,Casey,0.44968427783550474,21486,78764,0.2727895993093291
2013,Chifley,0.6193752535496957,33373,71919,0.46403592930936194
2013,Chisholm,0.4940567147628771,27549,77232,0.3567044748290864
2013,Clark,0.5983529018975016,13828,56398,0.24518599950352848
2013,Cook,0.3239037403434669,17700,77562,0.22820453314767541
2013,Cooper,0.7276998741180948,28581,72793,0.3926339071064525
2013,Corangamite,0.48833288823607957,20360,62799,0.32420898421949396
2013,Corio,0.5700972553542873,32649,80700,0.4045724907063197
2013,Cowan,0.466748644004986,21503,63136,0.34058223517486064
2013,Cowper,0.36465567367716595,21482,96660,0.22224291330436582
2013,Cunningham,0.6210777024472617,37950,85848,0.4420603857981549
2013,Curtin,0.31250296409883493,10806,65443,0.16512079213972464
2013,Dawson,0.4245328869208338,22219,78026,0.2847640530079717
2013,Deakin,0.4510513287816555,23169,76977,0.3009860088078257
2013,Dickson,0.441686316541622,22610,73224,0.3087785425543538
2013,Dobell,0.5089810130740424,28566,82660,0.3455843213162352
2013,Dunkley,0.47679225574860606,23248,71646,0.32448426988247775
2013,Durack,0.3433224439628683,12030,66329,0.1813686321216964
2013,Eden-Monaro,0.47568589859840926,28272,81990,0.34482253933406515
2013,Fadden,0.34880803011292344,13798,66092,0.20876959389941294
2013,Fairfax,0.37942443170474316,12719,74012,0.17185051072799007
2013,Farrer,0.2855301640807019,16514,86766,0.19032800866698937
2013,Fenner,0.5934778386937751,29908,69810,0.42841999713508094
2013,Fisher,0.4135117229789778,13047,65879,0.1980449004994004
2013,Flinders,0.39844023168488424,17333,69302,0.2501082219849355
2013,Flynn,0.45594693504117106,23381,69434,0.33673704525160586
2013,Forde,0.46851707247817137,19765,61103,0.3234702060455297
2013,Forrest,0.3615476725041161,15737,70954,0.22179158327930773
2013,Fowler,0.6335578282198387,34595,70410,0.4913364578895043
2013,Franklin,0.5524467624409256,21160,55353,0.3822737701660253
2013,Fraser,0.6858796785133104,44708,87953,0.5083169420031153
2013,Fremantle,0.5645472061657033,26971,68570,0.39333527781828787
2013,Gellibrand,0.64538424359594,27469,65937,0.4165946282057115
2013,Gilmore,0.45999902377117197,28005,86650,0.32319676860934793
2013,Gippsland,0.3396005607067992,18105,82839,0.21855647702169267
2013,Goldstein,0.39713590275807487,16081,69316,0.23199549887471868
2013,Gorton,0.6449470127476578,25738,56014,0.45949226978969543
2013,Grayndler,0.695145485825417,31750,71573,0.4436030346639096
2013,Greenway,0.5400721729997576,33881,83131,0.4075615594663844
2013,Grey,0.3734284904055204,23819,89804,0.26523317446884326
2013,Griffith,0.5143003637179343,24681,65490,0.3768666972056803
2013,Groom,0.34505998489890655,16312,74669,0.2184574589186945
2013,Hasluck,0.4425793211806391,18437,66212,0.2784540566664653
2013,Herbert,0.4420523860782203,21612,77186,0.27999896354261133
2013,Higgins,0.40212613873131264,16616,68439,0.24278554625286752
2013,Hindmarsh,0.5458883948143045,34797,84564,0.41148715765574
2013,Hinkler,0.4080244721820119,20116,77164,0.2606915141775958
2013,Holt,0.558729005901044,24754,58555,0.42274784390743747
2013,Hotham,0.5447735568301771,34622,82805,0.4181148481371898
2013,Hughes,0.3767396168749659,21452,78282,0.27403489946603304
2013,Hume,0.35751820281789076,18767,79536,0.23595604506135587
2013,Hunter,0.5550444496794912,36094,86544,0.41705953041227584
2013,Indi,0.4110558759196659,8732,79709,0.10954848260547742
2013,Isaacs,0.49714648065948003,25120,69424,0.3618345240838903
2013,Jagajaga,0.5279634324345087,29861,81655,0.36569714040781337
2013,Kennedy,0.33389487393649403,12255,74893,0.16363345038922195
2013,Kingsford Smith,0.5300012830199439,30169,77248,0.39054732808616405
2013,Kingston,0.574206116307239,38009,84269,0.4510436815436281
2013,Kooyong,0.4031371651019006,16519,72406,0.22814407645775212
2013,La Trobe,0.4189629679413939,18109,62658,0.2890133741900476
2013,Lalor,0.6303123743129105,27662,64140,0.4312753352042407
2013,Leichhardt,0.4401941910102955,22955,75997,0.3020513967656618
2013,Lilley,0.5069922623695606,27973,73914,0.37845333766268907
2013,Lindsay,0.4692536767587054,29980,83510,0.35899892228475633
2013,Lingiari,0.46816595579682047,9102,27488,0.33112630966239814
2013,Longman,0.4320031483667847,19579,67079,0.2918797239076313
2013,Lyne,0.36162380890223206,18179,81375,0.2233978494623656
2013,Lyons,0.4998986623429266,19010,51870,0.3664931559668402
2013,Macarthur,0.47227501397428734,27965,79426,0.35208873668572005
2013,Mackellar,0.3140834279977809,13253,80625,0.16437829457364342
2013,Macnamara,0.5614834092387768,17563,55931,0.31401190752891955
2013,Macquarie,0.4576775004583191,23980,81063,0.2958193010374647
2013,Makin,0.5603273650143193,39967,90624,0.4410200388418079
2013,Mallee,0.2774755826322406,15880,88832,0.178764409221902
2013,Maranoa,0.2920388349514563,11972,73025,0.16394385484423143
2013,Maribyrnong,0.5955000437738932,27837,72608,0.38338750550903483
2013,Mayo,0.3932086980238526,18678,84024,0.22229363039131678
2013,McEwen,0.484440444459829,20227,60432,0.33470677786603126
2013,McMahon,0.5759728114035624,42836,94305,0.4542283017867557
2013,McPherson,0.3649602941960241,16743,79317,0.21108967812700935
2013,Melbourne,0.7001811882132299,16992,66645,0.2549628629304524
2013,Menzies,0.392582548360573,19695,72524,0.271565274943467
2013,Mitchell,0.2832865905976667,16388,83472,0.1963293080314357
2013,Monash,0.3761611932487243,16839,73306,0.22970834583799415
2013,Moncrieff,0.33041729814084,14087,70945,0.19856226654450632
2013,Moore,0.3730388383020521,19325,78834,0.24513534769261994
2013,Moreton,0.5213122430166371,26945,72700,0.37063273727647866
2013,New England,0.3007748326508594,10686,87008,0.12281629275468922
2013,Newcastle,0.5982944290334694,36867,88302,0.41751036216620235
2013,Nicholls,0.3040405688679127,17562,85070,0.2064417538497708
2013,North Sydney,0.34709912712353014,15148,78868,0.1920677587868337
2013,O'Connor,0.3500877931792551,13917,74669,0.1863825684018803
2013,Oxley,0.5398145290955452,26921,66436,0.4052170509964477
2013,Page,0.4725827010622155,29874,86762,0.34432124662870844
2013,Parkes,0.3087135140618264,18372,84864,0.21648755656108598
2013,Parramatta,0.5201908142888839,27393,71017,0.38572454482729485
2013,Paterson,0.508637682578939,33193,87286,0.3802786242925555
2013,Pearce,0.40470153095269873,13738,55892,0.2457954626780219
2013,Perth,0.5368346555186149,24159,64126,0.3767426628824502
2013,Petrie,0.4916466017696501,26556,71573,0.37103376971763097
2013,Rankin,0.5510087786847374,27682,69728,0.3969997705369436
2013,Reid,0.45475917776840075,24682,72749,0.3392761412528007
2013,Richmond,0.5128597333070176,27895,85423,0.32655139716469805
2013,Riverina,0.3088221222849488,18280,89599,0.20402013415328296
2013,Robertson,0.47046795431161353,26979,81799,0.3298206579542537
2013,Ryan,0.4157242325893942,17903,72371,0.24737809343521577
2013,Scullin,0.6797955315248128,35388,69510,0.5091066033664221
2013,Shortland,0.5745357611971051,37414,83131,0.45006074749491765
2013,Solomon,0.48795440985866234,17554,51429,0.34132493340333275
2013,Spence,0.6053877638372435,36060,79929,0.4511503959764291
2013,Stirling,0.41484912533165447,20483,70955,0.2886759213586076
2013,Sturt,0.40570310771631174,25745,89969,0.28615411975235916
2013,Swan,0.43158700980392156,20084,69316,0.28974551330140225
2013,Sydney,0.6264715282586694,31935,80781,0.3953281093326401
2013,Tangney,0.3675221398879451,16669,69475,0.23992803166606694
2013,Wannon,0.3926424155910141,24060,86560,0.2779574861367837
2013,Warringah,0.3454898822453413,13322,74050,0.1799054692775152
2013,Watson,0.5975541569296497,36518,81625,0.4473874425727412
2013,Wentworth,0.31241011366272325,12237,68864,0.1776980715613383
2013,Werriwa,0.5695800266872674,28571,66442,0.43001414767767376
2013,Whitlam,0.566210563451265,35153,86465,0.4065575666454635
2013,Wide Bay,0.37348265998776164,14549,73861,0.1969781075262994
2013,Wills,0.7167021395765655,29798,66795,0.4461112358709484
2013,Wright,0.3901779804368611,12078,57506,0.2100302577122387
2016,Adelaide,0.5933766233766233,34078,88410,0.38545413414772084
2016,Aston,0.4337279669866512,25239,83248,0.30317845473765137
2016,Ballarat,0.5693603784589463,33260,81728,0.4069596711041504
2016,Banks,0.490701370098355,28513,75399,0.37816151407843607
2016,Barker,0.36167799180097715,14451,93223,0.15501539319695784
2016,Barton,0.5792603043434446,33586,76482,0.4391360058575874
2016,Bass,0.5609345331462066,24389,63214,0.38581643306862407
2016,Bean,0.5894408636604513,36721,83782,0.43829223460886585
2016,Bendigo,0.5395552500604626,30559,82565,0.37012051111245686
2016,Bennelong,0.4031698596509953,21571,79414,0.27162716901302036
2016,Berowra,0.33972563100922015,15426,79524,0.1939791760977818
2016,Blair,0.5897979209033121,29473,74781,0.3941241759270403
2016,Blaxland,0.7108569561310351,40059,70074,0.5716670947855125
2016,Bonner,0.49138125827173246,23068,64186,0.35939301405290874
2016,Boothby,0.4702928422292414,25330,97484,0.2598375117968077
2016,Bowman,0.4295465689437147,24974,80690,0.3095055149336969
2016,Braddon,0.522294500295683,23810,62623,0.3802117432892068
2016,Bradfield,0.2892065435596623,11838,73057,0.16203786084837865
2016,Brand,0.6235852610956221,32361,69462,0.4658806253779045
2016,Brisbane,0.46660875230752524,22818,85135,0.2680213778117108
2016,Bruce,0.6685620712775285,44713,82426,0.5424623298473783
2016,Burt,0.5727526808122291,33344,73457,0.45392542575928774
2016,Calare,0.38004044647545837,24288,94605,0.2567306167750119
2016,Calwell,0.7127506934923318,38069,67717,0.562177887384261
2016,Canberra,0.6443030738335703,28815,69766,0.4130235358197403
2016,Canning,0.4372738695369151,22413,69149,0.3241261623450809
2016,Capricornia,0.5101874490627547,28594,75310,0.3796839729119639
2016,Casey,0.4630198378699005,21873,79196,0.2761881913227941
2016,Chifley,0.6999381315735204,42258,74568,0.5667042162858063
2016,Chisholm,0.4677045243682803,25148,75457,0.3332759054825927
2016,Clark,0.6592979730206936,13715,58418,0.2347735287069054
2016,Cook,0.3431843560911003,20388,81267,0.25087673963601465
2016,Cooper,0.7384539287733183,24421,76820,0.3178989846394168
2016,Corangamite,0.5187368497424364,19696,58091,0.33905424248162364
2016,Corio,0.5736862233420319,37916,93438,0.40578779511547763
2016,Cowan,0.5161390344485443,27883,68445,0.40737818686536637
2016,Cowper,0.3687931447372531,13378,101411,0.13191862815670885
2016,Cunningham,0.6357992325841894,40567,88495,0.45841007966551783
2016,Curtin,0.290645862797877,10196,67156,0.1518256000953005
2016,Dawson,0.4715045787077301,26134,82170,0.3180479493732506
2016,Deakin,0.4448179510091769,21929,72765,0.30136741565312997
2016,Dickson,0.49490676086420765,26312,75967,0.3463609198731028
2016,Dobell,0.5572301970269712,36316,87542,0.4148408763793379
2016,Dunkley,0.5220752594786224,26708,74968,0.3562586703660228
2016,Durack,0.38470021569549634,15699,64354,0.2439475401684433
2016,Eden-Monaro,0.5359464936162807,34499,86250,0.39998840579710143
2016,Fadden,0.38317914213624893,18471,74889,0.2466450346512839
2016,Fairfax,0.3873190188816079,16052,82467,0.1946475559920938
2016,Farrer,0.303734732894144,14789,88263,0.16755605406569005
2016,Fenner,0.6115397700210927,34145,75881,0.4499808911321675
2016,Fisher,0.4150736033930313,16254,69702,0.23319273478522853
2016,Flinders,0.4388124443423056,19676,72731,0.27053113527931694
2016,Flynn,0.517228153167551,22741,67057,0.33912939737834974
2016,Forde,0.5117871381521928,22824,61198,0.3729533644890356
2016,Forrest,0.3799607072691552,16863,75851,0.22231743813529156
2016,Fowler,0.6706608735421907,39977,73693,0.5424802898511392
2016,Franklin,0.6115979759460253,25645,56599,0.4530998780897189
2016,Fraser,0.714423548392199,38192,67471,0.5660505995168295
2016,Fremantle,0.5858852698534512,28778,70793,0.4065091181331488
2016,Gellibrand,0.6557629429790478,31190,71115,0.4385853898614919
2016,Gilmore,0.4974432980319076,35098,91995,0.3815207348225447
2016,Gippsland,0.3204212295750624,16786,87126,0.19266349884075937
2016,Goldstein,0.38488490847670676,14258,65444,0.21786565613348818
2016,Gorton,0.6773479322424591,39718,69692,0.5699075934110084
2016,Grayndler,0.7247320341940497,32164,73266,0.4390030846504518
2016,Greenway,0.5691096305269534,37193,80612,0.46138292065697417
2016,Grey,0.4255728932406094,19500,90565,0.21531496715066528
2016,Griffith,0.5143269565794495,20217,62790,0.321978021978022
2016,Groom,0.3585332981339706,16520,74928,0.22047832585949179
2016,Hasluck,0.4801687376771058,23342,68295,0.341781975254411
2016,Herbert,0.507191026240235,23402,80597,0.29035820191818557
2016,Higgins,0.39517776242033326,10495,67781,0.15483690119650048
2016,Hindmarsh,0.5862768152805107,33747,87693,0.38483117238548115
2016,Hinkler,0.4193851986373096,20211,79295,0.2548836622737878
2016,Holt,0.6077041104740369,31054,65386,0.4749334719970636
2016,Hotham,0.5364206525182135,33335,82380,0.40464918669579997
2016,Hughes,0.4071792949241501,24150,78292,0.3084606345475911
2016,Hume,0.39782859669376824,26294,86268,0.3047943617563871
2016,Hunter,0.6259607173356105,43907,91719,0.47871215342513546
2016,Indi,0.45059824514756713,7505,80938,0.09272529590550792
2016,Isaacs,0.5034954490623972,27760,75532,0.3675263464491871
2016,Jagajaga,0.5443813936538512,30818,79383,0.38821914011816133
2016,Kennedy,0.4377723292469352,13954,74555,0.187163838776742
2016,Kingsford Smith,0.5893771553976382,37165,80902,0.45938295715804306
2016,Kingston,0.6437885100639634,39680,88793,0.4468820740373678
2016,Kooyong,0.38124025250649834,14017,68790,0.2037650821340311
2016,La Trobe,0.4740558075359256,23101,72376,0.31918039128993037
2016,Lalor,0.6473371016496551,39412,77498,0.508555059485406
2016,Leichhardt,0.4672670639219935,20790,79766,0.26063736429054984
2016,Lilley,0.5393357088317638,33173,81102,0.4090281374072156
2016,Lindsay,0.513170131111897,31767,86933,0.3654193459330749
2016,Lingiari,0.5308161899983275,8566,25399,0.3372573723374936
2016,Longman,0.5197163637467924,24143,72468,0.3331539438096815
2016,Lyne,0.38136665806515035,21457,85469,0.25105008833612186
2016,Lyons,0.5446623968518481,20639,52384,0.39399434941967015
2016,Macarthur,0.5889507396675309,41515,84485,0.4913890039652009
2016,Mackellar,0.3456774126671504,13310,81702,0.16290910871214903
2016,Macnamara,0.5361210543442889,14860,57819,0.25700894169736593
2016,Macquarie,0.5275215252152522,28316,83690,0.33834388815868083
2016,Makin,0.6080344234862887,37809,92283,0.4097070966483534
2016,Mallee,0.29794756198837347,18910,88740,0.2130944331755691
2016,Maranoa,0.34260302401423065,13060,71938,0.18154521949456476
2016,Maribyrnong,0.590635412404279,28048,71561,0.39194533335196546
2016,Mayo,0.46775988633672744,13413,87099,0.15399717562773396
2016,McEwen,0.5570744491539134,25925,65586,0.3952825298081908
2016,McMahon,0.6398840789712009,46295,92738,0.49920205309581833
2016,McPherson,0.3854712949859874,18813,75745,0.2483728298897617
2016,Melbourne,0.6668757292882147,16566,70509,0.23494872994936816
2016,Menzies,0.4305743584955573,17404,67548,0.25765381654527153
2016,Mitchell,0.3152946743204373,19367,84273,0.2298126327530763
2016,Monash,0.4227227227227227,19314,74034,0.2608801361536591
2016,Moncrieff,0.361074037399004,17395,73340,0.23718298336514862
2016,Moore,0.3944809800128949,22833,80212,0.2846581558868997
2016,Moreton,0.5488570633177642,24529,67740,0.3621051077649838
2016,New England,0.33790950877235765,5502,88478,0.062184949931056305
2016,Newcastle,0.6395290493471336,40597,90181,0.450172430999878
2016,Nicholls,0.2681023121313321,12942,85938,0.15059694198142848
2016,North Sydney,0.3640412371134021,12273,76373,0.16069815248844488
2016,O'Connor,0.3519040413155447,15162,75049,0.20202800836786633
2016,Oxley,0.5937942021648824,31455,70215,0.44798120059816277
2016,Page,0.48132268428435676,31388,92033,0.3410515793248074
2016,Parkes,0.3557850676771805,23609,85516,0.2760769914401983
2016,Parramatta,0.5884123284922754,31247,71687,0.43588098260493535
2016,Paterson,0.6086854956227683,41833,94697,0.44175633863797165
2016,Pearce,0.4680978974513123,22075,66450,0.33220466516177577
2016,Perth,0.540269085824395,22011,60996,0.3608597285067873
2016,Petrie,0.4898516506180039,27386,73582,0.37218341442200537
2016,Rankin,0.6159311381336248,32990,70137,0.4703651425068081
2016,Reid,0.45529641129323417,25680,73240,0.3506280720917531
2016,Richmond,0.5370986720457219,28005,92748,0.30194721179971534
2016,Riverina,0.33776442695025666,22526,91264,0.24682240532959326
2016,Robertson,0.49178926370533965,32879,88914,0.3697842859392222
2016,Ryan,0.41237853694310334,15240,67074,0.2272117362912604
2016,Scullin,0.7018068684934785,45557,80354,0.5669537297458745
2016,Shortland,0.6025777462457136,43373,88986,0.4874137504776032
2016,Solomon,0.5707338453832025,20279,51649,0.39263102867432087
2016,Spence,0.6816279764869981,37250,85571,0.4353110282689229
2016,Stirling,0.44174155325239967,21497,68362,0.31445832480032765
2016,Sturt,0.4394330772891034,20488,91729,0.2233535741150563
2016,Swan,0.4717767538789665,20923,63910,0.32738225629791895
2016,Sydney,0.63566992883652,34012,86856,0.39159067882472137
2016,Tangney,0.3874080882352941,16010,69254,0.23117798249920582
2016,Wannon,0.4107774388391284,24938,86378,0.2887077728125217
2016,Warringah,0.38338726158038144,10326,75021,0.1376414603910905
2016,Watson,0.6660351207354755,43521,88354,0.4925753220001358
2016,Wentworth,0.325275088938529,11045,63948,0.17271845874773253
2016,Werriwa,0.584001257268584,36846,77061,0.4781406937361311
2016,Whitlam,0.6342244437997903,47264,94821,0.4984549836006792
2016,Wide Bay,0.42233746354723356,17313,80103,0.21613422718250253
2016,Wills,0.7176128786435512,26119,68370,0.3820242796548194
2016,Wright,0.41916861118313026,13755,60727,0.22650550825827062
