year,division,party,first_prefs_percent,tpp_percent
2007,Adelaide,ALP,0.5036914907803653,0.6260857489142511
2007,Adelaide,LNP,0.3264029483433753,0.37391425108574894
2007,Aston,ALP,0.40077080998022596,0.47927329556554016
2007,Aston,LNP,0.4619444059599229,0.5207267044344599
2007,Ballarat,ALP,0.49459072048283664,0.5871661893335397
2007,Ballarat,LNP,0.3659751037344398,0.41283381066646024
2007,Banks,ALP,0.501738811538121,0.5952527496052878
2007,Banks,LNP,0.3396436384789509,0.4047472503947122
2007,Barker,ALP,0.29419127846002907,0.4098682201498673
2007,Barker,LNP,0.4475117561487195,0.5901317798501328
2007,Barton,ALP,0.5620955105933647,0.7011568786382728
2007,Barton,LNP,0.24013897404455345,0.2988431213617272
2007,Bass,ALP,0.36271000183153235,0.5186289891553594
2007,Bass,LNP,0.40258745566859255,0.4813710108446406
2007,Bean,ALP,0.5103668031605052,0.6197385156920164
2007,Bean,LNP,0.3408501066958879,0.38026148430798357
2007,Bendigo,ALP,0.4561334326483518,0.5692412539754657
2007,Bendigo,LNP,0.361404431202442,0.4307587460245343
2007,Bennelong,ALP,0.4296031725188434,0.5184338262113858
2007,Bennelong,LNP,0.4226567219056123,0.4815661737886142
2007,Berowra,ALP,0.28497306455242155,0.3986750727179102
2007,Berowra,LNP,0.521594684385382,0.6013249272820899
2007,Blair,ALP,0.4980557355800389,0.5755351780179544
2007,Blair,LNP,0.3758602598524828,0.42446482198204566
2007,Blaxland,ALP,0.5602756892230576,0.685924514969508
2007,Blaxland,LNP,0.22475633528265107,0.31407548503049204
2007,Bonner,ALP,0.483172606568833,0.5567488863580665
2007,Bonner,LNP,0.3956254367575122,0.4432511136419335
2007,Boothby,ALP,0.36671438009249063,0.49450337073542283
2007,Boothby,LNP,0.4334177493944065,0.5054966292645772
2007,Bowman,ALP,0.42932923647747695,0.5032590412111018
2007,Bowman,LNP,0.4411994898254971,0.49674095878889823
2007,Braddon,ALP,0.42785948508165317,0.5216011018913562
2007,Braddon,LNP,0.4176650108762702,0.4783988981086438
2007,Bradfield,ALP,0.25126076979099393,0.36123853211009177
2007,Bradfield,LNP,0.5704313412941613,0.6387614678899083
2007,Brand,ALP,0.45789051150699595,0.5760505541822821
2007,Brand,LNP,0.3477138924994266,0.4239494458177179
2007,Brisbane,ALP,0.41619172877392957,0.544109002667792
2007,Brisbane,LNP,0.4055969603974865,0.45589099733220795
2007,Bruce,ALP,0.5891320010617724,0.6793943732930289
2007,Bruce,LNP,0.2670610392729387,0.32060562670697107
2007,Burt,ALP,0.4120239219389361,0.5097496888397178
2007,Burt,LNP,0.40774978049467386,0.4902503111602821
2007,Calare,ALP,0.3482571956693953,0.49409535318027026
2007,Calare,LNP,0.22982571956693953,0.5059046468197298
2007,Calwell,ALP,0.6094115272708925,0.7343894624421502
2007,Calwell,LNP,0.2141812004910947,0.26561053755784975
2007,Canberra,ALP,0.5030283494223232,0.6722709509335649
2007,Canberra,LNP,0.2886517482992043,0.3277290490664351
2007,Canning,ALP,0.35333346220014306,0.4396912061758765
2007,Canning,LNP,0.49247095664276186,0.5603087938241235
2007,Capricornia,ALP,0.5384929429604572,0.6254993342210386
2007,Capricornia,LNP,0.18701154788288812,0.3745006657789614
2007,Casey,ALP,0.3625981055480379,0.48238914533501187
2007,Casey,LNP,0.44602165087956697,0.5176108546649881
2007,Chifley,ALP,0.5965666508538899,0.7150345407775315
2007,Chifley,LNP,0.21446572580645162,0.2849654592224685
2007,Chisholm,ALP,0.44954253214638973,0.5477869942379535
2007,Chisholm,LNP,0.4070474777448071,0.4522130057620465
2007,Clark,ALP,0.47877389461046393,0.6595387759824148
2007,Clark,LNP,0.2867728440917703,0.3404612240175851
2007,Cook,ALP,0.35311139282367854,0.43567365161661986
2007,Cook,LNP,0.5005649561814474,0.5643263483833801
2007,Cooper,ALP,0.5565289886814848,0.7678855560139077
2007,Cooper,LNP,0.19081801353700067,0.2321144439860923
2007,Corangamite,ALP,0.4225468772028761,0.5323658894505137
2007,Corangamite,LNP,0.4013992668828422,0.4676341105494864
2007,Corio,ALP,0.4493142841562832,0.5895313295975547
2007,Corio,LNP,0.29859312375603236,0.4104686704024452
2007,Cowan,ALP,0.44419759539989545,0.530530685053686
2007,Cowan,LNP,0.39349189754312597,0.469469314946314
2007,Cowper,ALP,0.3406055099936159,0.4636409131154483
2007,Cowper,LNP,0.4620758237980651,0.5363590868845517
2007,Cunningham,ALP,0.5273713924801176,0.6994342482810892
2007,Cunningham,LNP,0.2389244789316972,0.3005657517189107
2007,Curtin,ALP,0.24217927274979867,0.3600296918679028
2007,Curtin,LNP,0.5864306510561853,0.6399703081320972
2007,Dawson,ALP,0.45570491480904024,0.5264036552148318
2007,Dawson,LNP,0.3608922225499698,0.47359634478516827
2007,Deakin,ALP,0.38418312536154037,0.47859861835612577
2007,Deakin,LNP,0.46596699997245405,0.5214013816438743
2007,Dickson,ALP,0.44030273233813055,0.5156813127827621
2007,Dickson,LNP,0.4337028098090045,0.4843186872172379
2007,Dobell,ALP,0.46002442353279216,0.5560277275467149
2007,Dobell,LNP,0.3869693269161698,0.44397227245328513
2007,Dunkley,ALP,0.407697643187084,0.4938294093537957
2007,Dunkley,LNP,0.4526202387804194,0.5061705906462043
2007,Durack,ALP,0.30461443372749303,0.4143142238217886
2007,Durack,LNP,0.4381028285161269,0.5856857761782114
2007,Eden-Monaro,ALP,0.4244609294987129,0.5309608438502827
2007,Eden-Monaro,LNP,0.4203089102333435,0.46903915614971725
2007,Fadden,ALP,0.31692063771690304,0.38758788684050266
2007,Fadden,LNP,0.4857042191491236,0.6124121131594973
2007,Fairfax,ALP,0.3574266350615965,0.47863070179997574
2007,Fairfax,LNP,0.4370847661336093,0.5213692982000242
2007,Farrer,ALP,0.2803643485853175,0.3450304634131331
2007,Farrer,LNP,0.4278854095381929,0.6549695365868669
2007,Fenner,ALP,0.4933432718388306,0.61774351548192
2007,Fenner,LNP,0.3345756465204878,0.38225648451808
2007,Fisher,ALP,0.3212479756750504,0.47062727613083283
2007,Fisher,LNP,0.42013418382523054,0.5293727238691671
2007,Flinders,ALP,0.34102025407871844,0.4299365207995678
2007,Flinders,LNP,0.5168236877523553,0.5700634792004322
2007,Flynn,ALP,0.4668173350029014,0.5416733194954495
2007,Flynn,LNP,0.28679412393488685,0.45832668050455055
2007,Forde,ALP,0.4572793511135551,0.5490160580770136
2007,Forde,LNP,0.35075268078086336,0.4509839419229864
2007,Forrest,ALP,0.2767894282148914,0.42826198389470377
2007,Forrest,LNP,0.45200460755767446,0.5717380161052962
2007,Fowler,ALP,0.5947124413916287,0.7057416267942583
2007,Fowler,LNP,0.2231123836041029,0.2942583732057416
2007,Franklin,ALP,0.39571039269119923,0.5391160577465924
2007,Franklin,LNP,0.4041798184562903,0.4608839422534075
2007,Fraser,ALP,0.6100661038026048,0.7287389222216106
2007,Fraser,LNP,0.21205576281170233,0.27126107777838937
2007,Fremantle,ALP,0.4460362636308401,0.6061119120260167
2007,Fremantle,LNP,0.32140001918710626,0.3938880879739833
2007,Gellibrand,ALP,0.5739267968784971,0.7048370251438013
2007,Gellibrand,LNP,0.23175517390590727,0.29516297485619863
2007,Gilmore,ALP,0.37957454218301073,0.4843494085532302
2007,Gilmore,LNP,0.4575267724990568,0.5156505914467698
2007,Gippsland,ALP,0.3548179596037566,0.43984185991620933
2007,Gippsland,LNP,0.46847349085867035,0.5601581400837906
2007,Goldstein,ALP,0.33880206084678927,0.4495295124037639
2007,Goldstein,LNP,0.5079872204472844,0.5504704875962361
2007,Gorton,ALP,0.5994685686315643,0.6924851280806119
2007,Gorton,LNP,0.2539216371815491,0.30751487191938814
2007,Grayndler,ALP,0.5076198916217511,0.732745487281289
2007,Grayndler,LNP,0.21469353362486016,0.26725451271871103
2007,Greenway,ALP,0.4588542458108276,0.5465951932139491
2007,Greenway,LNP,0.3798919725372639,0.4534048067860509
2007,Grey,ALP,0.36482853223593964,0.4495177956371986
2007,Grey,LNP,0.4608065843621399,0.5504822043628014
2007,Griffith,ALP,0.5127866741771948,0.6191677175283733
2007,Griffith,LNP,0.3385370564094311,0.38083228247162676
2007,Groom,ALP,0.3453129465561589,0.4249122082214419
2007,Groom,LNP,0.5026864818519577,0.5750877917785582
2007,Hasluck,ALP,0.365573431358508,0.4842190898374591
2007,Hasluck,LNP,0.4369917728871278,0.5157809101625409
2007,Herbert,ALP,0.4230932172439484,0.5102471552673437
2007,Herbert,LNP,0.39443121557857214,0.4897528447326563
2007,Higgins,ALP,0.336487955774031,0.4611664251055517
2007,Higgins,LNP,0.49219766925468217,0.5388335748944483
2007,Hindmarsh,ALP,0.5008508690600537,0.6181116396848225
2007,Hindmarsh,LNP,0.3190230849578086,0.3818883603151774
2007,Hinkler,ALP,0.4170067813638076,0.4901745472424814
2007,Hinkler,LNP,0.43774331282180085,0.5098254527575187
2007,Holt,ALP,0.517933315922347,0.5960423294749431
2007,Holt,LNP,0.35124488552276484,0.403957670525057
2007,Hotham,ALP,0.5312280073191642,0.618701511901925
2007,Hotham,LNP,0.33838338600913614,0.38129848809807504
2007,Hughes,ALP,0.3870292611654447,0.46377562145660706
2007,Hughes,LNP,0.47881428439799395,0.5362243785433929
2007,Hume,ALP,0.376358611266381,0.4546354445580384
2007,Hume,LNP,0.48138314390410536,0.5453645554419616
2007,Hunter,ALP,0.5458077092027235,0.6508497464408338
2007,Hunter,LNP,0.16025148253898527,0.3491502535591662
2007,Indi,ALP,0.3178733526947943,0.41789673454633086
2007,Indi,LNP,0.5184104143255353,0.5821032654536691
2007,Isaacs,ALP,0.4304284808406559,0.531407739764442
2007,Isaacs,LNP,0.41918048132379143,0.46859226023555806
2007,Jagajaga,ALP,0.4764347929841308,0.5851887243191591
2007,Jagajaga,LNP,0.3685319969772899,0.4148112756808409
2007,Kennedy,ALP,0.2903780530402773,0.43660805747723225
2007,Kennedy,LNP,0.2137867103742913,0.5633919425227678
2007,Kingsford Smith,ALP,0.501696494881391,0.63789272267144
2007,Kingsford Smith,LNP,0.3164800279594006,0.36210727732855996
2007,Kingston,ALP,0.4451921177400237,0.5375653645032298
2007,Kingston,LNP,0.39149545634136707,0.4624346354967702
2007,Kooyong,ALP,0.31130104722764573,0.42269941219999163
2007,Kooyong,LNP,0.5251839816496224,0.5773005878000084
2007,La Trobe,ALP,0.3904461357589258,0.46341359289617484
2007,La Trobe,LNP,0.4796526617577295,0.5365864071038251
2007,Lalor,ALP,0.584552981517103,0.6619678601635185
2007,Lalor,LNP,0.2775570795350004,0.33803213983648156
2007,Leichhardt,ALP,0.40613130333900166,0.5407802310181227
2007,Leichhardt,LNP,0.36740142714110896,0.45921976898187733
2007,Lilley,ALP,0.5076875247300887,0.5910789896335231
2007,Lilley,LNP,0.36488892657283367,0.4089210103664769
2007,Lindsay,ALP,0.48425400103252453,0.5675056242969628
2007,Lindsay,LNP,0.36123797042743866,0.4324943757030371
2007,Lingiari,ALP,0.38753144855230054,0.48692365170761726
2007,Lingiari,LNP,0.45294443733742695,0.5130763482923828
2007,Longman,ALP,0.44497865951380805,0.5202760698582864
2007,Longman,LNP,0.4331528248730536,0.47972393014171355
2007,Lyne,ALP,0.33784440842787683,0.43630758740215647
2007,Lyne,LNP,0.27667477039438143,0.5636924125978435
2007,Lyons,ALP,0.44076452836028784,0.5933265277527573
2007,Lyons,LNP,0.323376924862648,0.40667347224724276
2007,Macarthur,ALP,0.5000743936914149,0.5913133880097031
2007,Macarthur,LNP,0.3434689102000514,0.4086866119902969
2007,Mackellar,ALP,0.23611000820561687,0.38175670975192355
2007,Mackellar,LNP,0.5316975039042855,0.6182432902480764
2007,Macnamara,ALP,0.43062244434348024,0.5964709823921379
2007,Macnamara,LNP,0.36430713312130847,0.40352901760786214
2007,Macquarie,ALP,0.3637496576280471,0.5025876531976
2007,Macquarie,LNP,0.43152560942207613,0.4974123468024
2007,Makin,ALP,0.5102848101265823,0.5994460564494857
2007,Makin,LNP,0.3441226380480646,0.4005539435505144
2007,Mallee,ALP,0.24961119751166408,0.3258010203435747
2007,Mallee,LNP,0.49613627527216175,0.6741989796564253
2007,Maranoa,ALP,0.30032807735110056,0.3746835061490234
2007,Maranoa,LNP,0.5383937217268142,0.6253164938509767
2007,Maribyrnong,ALP,0.5173007480992793,0.6334553986144797
2007,Maribyrnong,LNP,0.3140188624624808,0.3665446013855202
2007,Mayo,ALP,0.3122184867404821,0.4442869938371456
2007,Mayo,LNP,0.47940653435273045,0.5557130061628545
2007,McEwen,ALP,0.42151671851500855,0.5230019034583057
2007,McEwen,LNP,0.4205896289581574,0.4769980965416943
2007,McMahon,ALP,0.5377338768684018,0.6377689605643017
2007,McMahon,LNP,0.28195881676596635,0.36223103943569834
2007,McPherson,ALP,0.34557206537890045,0.4139305780035404
2007,McPherson,LNP,0.5298959881129272,0.5860694219964596
2007,Melbourne,ALP,0.47902220742959634,0.7269992956539948
2007,Melbourne,LNP,0.22608679573232743,0.2730007043460052
2007,Menzies,ALP,0.3635711677880353,0.4731319853483785
2007,Menzies,LNP,0.4717962760131435,0.5268680146516215
2007,Mitchell,ALP,0.33173127627197807,0.41751482640909876
2007,Mitchell,LNP,0.5139891220827746,0.5824851735909012
2007,Monash,ALP,0.35118675035103447,0.4421639827386591
2007,Monash,LNP,0.4939182216507926,0.5578360172613409
2007,Moncrieff,ALP,0.297359760111168,0.37152809606746723
2007,Moncrieff,LNP,0.5541139471952022,0.6284719039325327
2007,Moore,ALP,0.3236816014993685,0.4105780403466282
2007,Moore,LNP,0.5276310249758933,0.5894219596533717
2007,Moreton,ALP,0.4756212240271033,0.5700257158465577
2007,Moreton,LNP,0.38564196369913306,0.4299742841534423
2007,New England,ALP,0.13151036551028694,0.37608619149454536
2007,New England,LNP,0.2375751384905512,0.6239138085054546
2007,Newcastle,ALP,0.48752496240230764,0.6588019196191807
2007,Newcastle,LNP,0.24868716254530213,0.34119808038081934
2007,Nicholls,ALP,0.2508484317696645,0.34463203275320803
2007,Nicholls,LNP,0.5608133997482073,0.6553679672467919
2007,North Sydney,ALP,0.34755310148283386,0.45257297947476366
2007,North Sydney,LNP,0.49356548069644207,0.5474270205252363
2007,O'Connor,ALP,0.2692439791726772,0.3921120361184201
2007,O'Connor,LNP,0.4495047328579868,0.6078879638815798
2007,Oxley,ALP,0.5434670177253279,0.6208845208845208
2007,Oxley,LNP,0.3329885435767236,0.3791154791154791
2007,Page,ALP,0.39900110315064674,0.5367154851575698
2007,Page,LNP,0.39855256937120415,0.46328451484243016
2007,Parkes,ALP,0.2786379294889034,0.3943090523148024
2007,Parkes,LNP,0.40307605619373266,0.6056909476851976
2007,Parramatta,ALP,0.5081726354453627,0.608115446003982
2007,Parramatta,LNP,0.3161922252831344,0.39188455399601796
2007,Paterson,ALP,0.5225853343383224,0.6130601539806537
2007,Paterson,LNP,0.23814202648864002,0.3869398460193463
2007,Pearce,ALP,0.3188399135910282,0.4069536026855293
2007,Pearce,LNP,0.5046192030151215,0.5930463973144707
2007,Perth,ALP,0.42949911380527545,0.5680140761732739
2007,Perth,LNP,0.3683591248268569,0.43198592382672607
2007,Petrie,ALP,0.48020620119778634,0.5454915785350568
2007,Petrie,LNP,0.41264498521719356,0.4545084214649432
2007,Rankin,ALP,0.5429516610242854,0.6211406622258958
2007,Rankin,LNP,0.32591321553896335,0.37885933777410413
2007,Reid,ALP,0.4709439638962016,0.5765862773352758
2007,Reid,LNP,0.3760661902971042,0.4234137226647242
2007,Richmond,ALP,0.4217147526203088,0.5837116786701962
2007,Richmond,LNP,0.3586019384650062,0.41628832132980376
2007,Riverina,ALP,0.27388621666069024,0.3532126603759031
2007,Riverina,LNP,0.49452845819989366,0.6467873396240968
2007,Robertson,ALP,0.41539876274870424,0.5032697665689827
2007,Robertson,LNP,0.4386668895948281,0.4967302334310173
2007,Ryan,ALP,0.3855921187658206,0.49432072515666964
2007,Ryan,LNP,0.4541698022850106,0.5056792748433303
2007,Scullin,ALP,0.6399100618324902,0.7439917985950052
2007,Scullin,LNP,0.20138119328675821,0.2560082014049948
2007,Shortland,ALP,0.5386358824921234,0.6494261867501304
2007,Shortland,LNP,0.29261154904671177,0.3505738132498696
2007,Solomon,ALP,0.4152592557500533,0.5100410436822046
2007,Solomon,LNP,0.4483265035412275,0.48995895631779535
2007,Spence,ALP,0.5234254129034818,0.6357348060134438
2007,Spence,LNP,0.3012840008991973,0.3642651939865562
2007,Stirling,ALP,0.4018907366384824,0.5018976271410185
2007,Stirling,LNP,0.43539983151851736,0.49810237285898157
2007,Sturt,ALP,0.4057176731128435,0.4994152182220318
2007,Sturt,LNP,0.4489693200756093,0.5005847817779682
2007,Swan,ALP,0.3894615724103146,0.5000413873023757
2007,Swan,LNP,0.42424815585398146,0.49995861269762437
2007,Sydney,ALP,0.4687123162663364,0.7044815525990947
2007,Sydney,LNP,0.24366913274451651,0.2955184474009052
2007,Tangney,ALP,0.31431783054657864,0.41718838107080375
2007,Tangney,LNP,0.49466067163130534,0.5828116189291962
2007,Wannon,ALP,0.3628337023049876,0.43610110237486105
2007,Wannon,LNP,0.500612058861831,0.563898897625139
2007,Warringah,ALP,0.274679728711379,0.4134158539634909
2007,Warringah,LNP,0.5211906556141673,0.5865841460365091
2007,Watson,ALP,0.5639827724651434,0.7088525335889396
2007,Watson,LNP,0.22262938900649681,0.2911474664110604
2007,Wentworth,ALP,0.27963141025641025,0.44843586542030844
2007,Wentworth,LNP,0.49112179487179486,0.5515641345796916
2007,Werriwa,ALP,0.5869865302741896,0.6834645175452351
2007,Werriwa,LNP,0.2564769474433676,0.316535482454765
2007,Whitlam,ALP,0.5559476130993007,0.6676315433518193
2007,Whitlam,LNP,0.27412978249391523,0.3323684566481807
2007,Wide Bay,ALP,0.29770969792852603,0.41983458297905235
2007,Wide Bay,LNP,0.46045569470524744,0.5801654170209477
2007,Wills,ALP,0.5628102329133257,0.748046404903644
2007,Wills,LNP,0.21322642229858724,0.25195359509635595
2007,Wright,ALP,0.3685147014780755,0.4614919797846627
2007,Wright,LNP,0.40769515353311137,0.5385080202153373
2010,Adelaide,ALP,0.4551816594101296,0.6251829395776709
2010,Adelaide,LNP,0.30868570585196664,0.3748170604223291
2010,Aston,ALP,0.38385863267670917,0.5046455065061413
2010,Aston,LNP,0.42508690614136735,0.4953544934938587
2010,Ballarat,ALP,0.500943025540275,0.6187874659400545
2010,Ballarat,LNP,0.32567125081859855,0.3812125340599455
2010,Banks,ALP,0.3983530099505649,0.514451746800415
2010,Banks,LNP,0.4148610352145789,0.48554825319958494
2010,Barker,ALP,0.27139091981782293,0.3811044437426162
2010,Barker,LNP,0.5084857908492407,0.6188955562573838
2010,Barton,ALP,0.447329845578386,0.600028350698136
2010,Barton,LNP,0.3309955265751763,0.3999716493018641
2010,Bass,ALP,0.41606701055933765,0.5721589471019995
2010,Bass,LNP,0.373376885884769,0.4278410528980005
2010,Bean,ALP,0.4306162385693715,0.5908972826934068
2010,Bean,LNP,0.3538664139518283,0.40910271730659326
2010,Bendigo,ALP,0.45482199041737925,0.5987300898162972
2010,Bendigo,LNP,0.34071830489444754,0.40126991018370284
2010,Bennelong,ALP,0.34534984617811787,0.46802664920422515
2010,Bennelong,LNP,0.4503431411217165,0.5319733507957749
2010,Berowra,ALP,0.21431675272225345,0.3366352581138761
2010,Berowra,LNP,0.5760825111190634,0.6633647418861238
2010,Blair,ALP,0.39033954062151205,0.5397596762348235
2010,Blair,LNP,0.3519649885449098,0.4602403237651765
2010,Blaxland,ALP,0.4477571190651705,0.6314216775059522
2010,Blaxland,LNP,0.2774319491085811,0.3685783224940477
2010,Bonner,ALP,0.35141585590138846,0.48305348951142385
2010,Bonner,LNP,0.4310744219348861,0.5169465104885761
2010,Boothby,ALP,0.36631648789118654,0.5135351705396648
2010,Boothby,LNP,0.41151166648236204,0.48646482946033515
2010,Bowman,ALP,0.28582816532230826,0.3957981509574377
2010,Bowman,LNP,0.5268804129004364,0.6042018490425624
2010,Braddon,ALP,0.46683726844028134,0.577267589952936
2010,Braddon,LNP,0.37352131717444836,0.42273241004706397
2010,Bradfield,ALP,0.18161246955155935,0.3140672782874618
2010,Bradfield,LNP,0.6215342020844703,0.6859327217125383
2010,Brand,ALP,0.39426416097569084,0.546980455568054
2010,Brand,LNP,0.3606167854709802,0.45301954443194603
2010,Brisbane,ALP,0.296889862508287,0.4939453505994628
2010,Brisbane,LNP,0.43423745424148963,0.5060546494005372
2010,Bruce,ALP,0.5506703420623982,0.6774267276149503
2010,Bruce,LNP,0.253351710311991,0.32257327238504974
2010,Burt,ALP,0.39275250830646347,0.5174476051796766
2010,Burt,LNP,0.37869289817830665,0.48255239482032347
2010,Calare,ALP,0.2876336715108308,0.4085642013972537
2010,Calare,LNP,0.4808746915272827,0.5914357986027463
2010,Calwell,ALP,0.5569175410277105,0.7263794543935487
2010,Calwell,LNP,0.21467245090126447,0.2736205456064514
2010,Canberra,ALP,0.4253458686845525,0.6585377501154073
2010,Canberra,LNP,0.29549797447068715,0.34146224988459273
2010,Canning,ALP,0.3627329631856279,0.4539783035284535
2010,Canning,LNP,0.4719206422180571,0.5460216964715465
2010,Capricornia,ALP,0.43712384299293,0.5450336513571481
2010,Capricornia,LNP,0.37056048258782187,0.45496634864285185
2010,Casey,ALP,0.3541134070757835,0.501083098444514
2010,Casey,LNP,0.4232376011672424,0.49891690155548596
2010,Chifley,ALP,0.4687208618438984,0.631743041797928
2010,Chifley,LNP,0.2623115433719212,0.36825695820207205
2010,Chisholm,ALP,0.41092842131289403,0.5392217180650619
2010,Chisholm,LNP,0.4058598096179998,0.4607782819349381
2010,Clark,ALP,0.3490934761273438,0.6634221403138364
2010,Clark,LNP,0.21441484874050862,0.33657785968616366
2010,Cook,ALP,0.2756206070497802,0.3673963539100443
2010,Cook,LNP,0.5539921552109932,0.6326036460899557
2010,Cooper,ALP,0.49926483973506225,0.7605450236966824
2010,Cooper,LNP,0.18115749233332867,0.23945497630331752
2010,Corangamite,ALP,0.4127586084107823,0.54380073800738
2010,Corangamite,LNP,0.3983014635188548,0.45619926199261995
2010,Corio,ALP,0.47125760482001433,0.6146321656638736
2010,Corio,LNP,0.3248920321491192,0.38536783433612637
2010,Cowan,ALP,0.3365001583412504,0.4723024322840086
2010,Cowan,LNP,0.4381385735953464,0.5276975677159914
2010,Cowper,ALP,0.2150308591403135,0.3894084186575654
2010,Cowper,LNP,0.44533289638975365,0.6105915813424346
2010,Cunningham,ALP,0.48062126814325545,0.6522411325769192
2010,Cunningham,LNP,0.28797070754209,0.3477588674230809
2010,Curtin,ALP,0.18270914621032905,0.3304525381072226
2010,Curtin,LNP,0.6003103013917478,0.6695474618927775
2010,Dawson,ALP,0.3746628220630639,0.4743141721254651
2010,Dawson,LNP,0.4295813014071781,0.5256858278745349
2010,Deakin,ALP,0.36497814348161484,0.49207302426134997
2010,Deakin,LNP,0.4378503471329391,0.50792697573865
2010,Dickson,ALP,0.32827731207164895,0.4563357268779292
2010,Dickson,LNP,0.45875542691751087,0.5436642731220708
2010,Dobell,ALP,0.45220297471745285,0.5670529914064308
2010,Dobell,LNP,0.3641477664106947,0.4329470085935691
2010,Dunkley,ALP,0.39875538535184296,0.523101130024317
2010,Dunkley,LNP,0.420351501059974,0.47689886997568304
2010,Durack,ALP,0.2214286816085394,0.3543496649098835
2010,Durack,LNP,0.4252726403307162,0.6456503350901165
2010,Eden-Monaro,ALP,0.39053882053457784,0.5235098456625865
2010,Eden-Monaro,LNP,0.37883401133045497,0.47649015433741354
2010,Fadden,ALP,0.25430913619344514,0.3516065388951522
2010,Fadden,LNP,0.5561713428010623,0.6483934611048479
2010,Fairfax,ALP,0.2646386810626764,0.43843498273878023
2010,Fairfax,LNP,0.46103071845646104,0.5615650172612198
2010,Farrer,ALP,0.20387182452002886,0.3116124459218341
2010,Farrer,LNP,0.38362202200368634,0.6883875540781659
2010,Fenner,ALP,0.44749916079221214,0.6144616635154
2010,Fenner,LNP,0.33385364216179925,0.3855383364846
2010,Fisher,ALP,0.2866638047162968,0.4632665832290363
2010,Fisher,LNP,0.434310837416547,0.5367334167709638
2010,Flinders,ALP,0.32212759166025856,0.43157830978664125
2010,Flinders,LNP,0.4998766739695022,0.5684216902133588
2010,Flynn,ALP,0.39834965542256073,0.48427904888646606
2010,Flynn,LNP,0.4267470680691573,0.515720951113534
2010,Forde,ALP,0.35612740989103103,0.49538634794928615
2010,Forde,LNP,0.3963621123218776,0.5046136520507138
2010,Forrest,ALP,0.2560372115141698,0.4006514657980456
2010,Forrest,LNP,0.4781025694372204,0.5993485342019544
2010,Fowler,ALP,0.44892128591263486,0.5831255903256275
2010,Fowler,LNP,0.31823400619459574,0.4168744096743725
2010,Franklin,ALP,0.413966552236888,0.6141421461126261
2010,Franklin,LNP,0.31696436766838615,0.3858578538873739
2010,Fraser,ALP,0.5750800931154493,0.736243803655067
2010,Fraser,LNP,0.20601793163850923,0.26375619634493297
2010,Fremantle,ALP,0.3766822924542568,0.5694368595200617
2010,Fremantle,LNP,0.3541962800544382,0.4305631404799383
2010,Gellibrand,ALP,0.5614627412142492,0.7340142517814727
2010,Gellibrand,LNP,0.22233726478797156,0.26598574821852733
2010,Gilmore,ALP,0.3325656599405749,0.44436166182598813
2010,Gilmore,LNP,0.48581793014569885,0.5556383381740119
2010,Gippsland,ALP,0.3067199259565969,0.38398133353622965
2010,Gippsland,LNP,0.514309374771659,0.6160186664637703
2010,Goldstein,ALP,0.29738657339939767,0.445351668815356
2010,Goldstein,LNP,0.5016169102441326,0.5546483311846441
2010,Gorton,ALP,0.5913984797858413,0.7365502993507042
2010,Gorton,LNP,0.20714383414424448,0.2634497006492959
2010,Grayndler,ALP,0.4270585788973384,0.7038600723763571
2010,Grayndler,LNP,0.23499881178707224,0.29613992762364294
2010,Greenway,ALP,0.37509699381742634,0.5009488195568454
2010,Greenway,LNP,0.38233085529773975,0.49905118044315455
2010,Grey,ALP,0.3038838620750984,0.40117190723776514
2010,Grey,LNP,0.5131388808608079,0.5988280927622349
2010,Griffith,ALP,0.4140180092479922,0.5751349320215892
2010,Griffith,LNP,0.3550255536626917,0.4248650679784109
2010,Groom,ALP,0.22116044630479548,0.320376052016776
2010,Groom,LNP,0.579792460194619,0.679623947983224
2010,Hasluck,ALP,0.3261366360367559,0.46990011850347047
2010,Hasluck,LNP,0.42540950858969234,0.5300998814965295
2010,Herbert,ALP,0.3769291024777715,0.48002996606783493
2010,Herbert,LNP,0.42619594046751963,0.519970033932165
2010,Higgins,ALP,0.2897817193705396,0.44352828969633573
2010,Higgins,LNP,0.4948490549135537,0.5564717103036643
2010,Hindmarsh,ALP,0.4624182620806874,0.6251119153604621
2010,Hindmarsh,LNP,0.30123226552725385,0.374888084639538
2010,Hinkler,ALP,0.31101749748757557,0.399663595144069
2010,Hinkler,LNP,0.5150951967951101,0.600336404855931
2010,Holt,ALP,0.4987077701132328,0.6127982004380512
2010,Holt,LNP,0.31099046167004446,0.3872017995619487
2010,Hotham,ALP,0.49839519281818623,0.6138228340981783
2010,Hotham,LNP,0.3347531251508277,0.3861771659018217
2010,Hughes,ALP,0.3328096556195606,0.4308310850129609
2010,Hughes,LNP,0.4900999975062966,0.5691689149870391
2010,Hume,ALP,0.31624888093106535,0.42249407697694863
2010,Hume,LNP,0.4947123992837959,0.5775059230230514
2010,Hunter,ALP,0.5081735886060055,0.6274210316900053
2010,Hunter,LNP,0.15078387524963227,0.37257896830999476
2010,Indi,ALP,0.2729588897281934,0.41019206897932486
2010,Indi,LNP,0.49757384101296936,0.5898079310206751
2010,Isaacs,ALP,0.441153349846487,0.5696506617897771
2010,Isaacs,LNP,0.3756693018495721,0.43034933821022286
2010,Jagajaga,ALP,0.4618398178301217,0.6131910046205634
2010,Jagajaga,LNP,0.33372101564604195,0.3868089953794366
2010,Kennedy,ALP,0.20236965575412516,0.3851923238079276
2010,Kennedy,LNP,0.2568401075438874,0.6148076761920724
2010,Kingsford Smith,ALP,0.4037641580998718,0.5492832823095191
2010,Kingsford Smith,LNP,0.3809804075440111,0.45071671769048094
2010,Kingston,ALP,0.4732398056402439,0.6262817121406797
2010,Kingston,LNP,0.28515625,0.37371828785932026
2010,Kooyong,ALP,0.2775399408483801,0.43531456378171707
2010,Kooyong,LNP,0.5059354193957891,0.5646854362182829
2010,La Trobe,ALP,0.377442981979042,0.486675006634065
2010,La Trobe,LNP,0.4440878929620363,0.5133249933659351
2010,Lalor,ALP,0.6096786989289964,0.7261102026567696
2010,Lalor,LNP,0.21144128451442665,0.2738897973432304
2010,Leichhardt,ALP,0.3240086750095249,0.45559887710542735
2010,Leichhardt,LNP,0.4440667037894552,0.5444011228945727
2010,Lilley,ALP,0.39562975413805873,0.5362776497351013
2010,Lilley,LNP,0.3892624141762343,0.46372235026489866
2010,Lindsay,ALP,0.40708528584817244,0.5069369602881192
2010,Lindsay,LNP,0.40261168384879725,0.4930630397118808
2010,Lingiari,ALP,0.35445958612733436,0.5249826509368494
2010,Lingiari,LNP,0.3437162016006922,0.4750173490631506
2010,Longman,ALP,0.34641336591813837,0.47730334835908783
2010,Longman,LNP,0.4100459568712439,0.5226966516409122
2010,Lyne,ALP,0.2136321078584358,0.3892995700954178
2010,Lyne,LNP,0.21574183883652706,0.6107004299045822
2010,Lyons,ALP,0.48461672845856707,0.6380872345658769
2010,Lyons,LNP,0.30030863598423824,0.36191276543412315
2010,Macarthur,ALP,0.40574152894410576,0.5343948954671861
2010,Macarthur,LNP,0.37570458989991945,0.46560510453281384
2010,Mackellar,ALP,0.2030403503284329,0.34529082759259017
2010,Mackellar,LNP,0.5862871441976854,0.6547091724074099
2010,Macnamara,ALP,0.3817899637868598,0.5981351981351981
2010,Macnamara,LNP,0.34599402566627174,0.4018648018648019
2010,Macquarie,ALP,0.3100563874677919,0.4885309006538705
2010,Macquarie,LNP,0.42202223135043626,0.5114690993461295
2010,Makin,ALP,0.4809538209961583,0.6312590656804805
2010,Makin,LNP,0.277242028157656,0.36874093431951954
2010,Mallee,ALP,0.22270597266300798,0.2907281110417367
2010,Mallee,LNP,0.5385020794903816,0.7092718889582633
2010,Maranoa,ALP,0.201291471832554,0.28773216679186364
2010,Maranoa,LNP,0.6032759964373191,0.7122678332081364
2010,Maribyrnong,ALP,0.48200732333506363,0.65207635188001
2010,Maribyrnong,LNP,0.29463095722442795,0.34792364811998994
2010,Mayo,ALP,0.25380013729528295,0.4424960789859358
2010,Mayo,LNP,0.4342698832990095,0.5575039210140642
2010,McEwen,ALP,0.4361575692853575,0.5724384819830407
2010,McEwen,LNP,0.3670186196324302,0.42756151801695924
2010,McMahon,ALP,0.4485718745122522,0.5793850292810848
2010,McMahon,LNP,0.3221476510067114,0.4206149707189152
2010,McPherson,ALP,0.2718916566953116,0.39697865924379494
2010,McPherson,LNP,0.5059012291961275,0.6030213407562051
2010,Melbourne,ALP,0.35870399085938137,0.7305674046990318
2010,Melbourne,LNP,0.2043581163796621,0.26943259530096825
2010,Menzies,ALP,0.3355948693002893,0.45326622431678304
2010,Menzies,LNP,0.4811311093473975,0.546733775683217
2010,Mitchell,ALP,0.257198944019495,0.3364053976457077
2010,Mitchell,LNP,0.5850538143911189,0.6635946023542922
2010,Monash,ALP,0.3335640713257282,0.44702521784292226
2010,Monash,LNP,0.48290231476353973,0.5529747821570777
2010,Moncrieff,ALP,0.22105097770350374,0.3274451128278726
2010,Moncrieff,LNP,0.5761666023910529,0.6725548871721274
2010,Moore,ALP,0.25536855068373654,0.38656396517079705
2010,Moore,LNP,0.527131385175873,0.613436034829203
2010,Moreton,ALP,0.34803836790080755,0.5130630314103014
2010,Moreton,LNP,0.40912900607979563,0.48693696858969854
2010,New England,ALP,0.10030477720550017,0.33983751810126894
2010,New England,LNP,0.2644946368662288,0.6601624818987311
2010,Newcastle,ALP,0.4537126268575032,0.6281229048865951
2010,Newcastle,LNP,0.2902761418662479,0.37187709511340494
2010,Nicholls,ALP,0.24939100907950099,0.3299377549952924
2010,Nicholls,LNP,0.5800792303338993,0.6700622450047076
2010,North Sydney,ALP,0.2184244317655313,0.367664437554743
2010,North Sydney,LNP,0.5622509630531765,0.632335562445257
2010,O'Connor,ALP,0.18720388742660457,0.29410080593211846
2010,O'Connor,LNP,0.348181143281366,0.7058991940678815
2010,Oxley,ALP,0.422122870577353,0.5624502388535032
2010,Oxley,LNP,0.35274801510830184,0.4375497611464968
2010,Page,ALP,0.40915078393658566,0.5309394428942087
2010,Page,LNP,0.40329894503701114,0.46906055710579136
2010,Parkes,ALP,0.2266715737486941,0.3472547685640134
2010,Parkes,LNP,0.4555275904644316,0.6527452314359866
2010,Parramatta,ALP,0.40918844243261515,0.5487967047223664
2010,Parramatta,LNP,0.36398107051526996,0.45120329527763364
2010,Paterson,ALP,0.4723641893744858,0.5774478652105418
2010,Paterson,LNP,0.2608636035002867,0.42255213478945824
2010,Pearce,ALP,0.27697144140282115,0.3978520234718403
2010,Pearce,LNP,0.48741502847694285,0.6021479765281598
2010,Perth,ALP,0.3685859715193598,0.5468113134444014
2010,Perth,LNP,0.38213487113098743,0.45318868655559863
2010,Petrie,ALP,0.4023289186522766,0.5187525672217131
2010,Petrie,LNP,0.3887410684923316,0.48124743277828685
2010,Rankin,ALP,0.4208665699782451,0.558528756714267
2010,Rankin,LNP,0.34100797679477884,0.441471243285733
2010,Reid,ALP,0.3563825967049225,0.4909116440172874
2010,Reid,LNP,0.43397635702897197,0.5090883559827126
2010,Richmond,ALP,0.3836214444750206,0.5613797857673136
2010,Richmond,LNP,0.23145623295724613,0.4386202142326864
2010,Riverina,ALP,0.2247009487144232,0.32807635936383345
2010,Riverina,LNP,0.3163183463953435,0.6719236406361665
2010,Robertson,ALP,0.3755509917852134,0.511942696478779
2010,Robertson,LNP,0.40842266078942097,0.48805730352122106
2010,Ryan,ALP,0.2492207825661369,0.4331454340473506
2010,Ryan,LNP,0.4446304835011978,0.5668545659526494
2010,Scullin,ALP,0.6082625167921993,0.7468832153282906
2010,Scullin,LNP,0.2046459676080361,0.25311678467170945
2010,Shortland,ALP,0.5029468344503939,0.631210701111855
2010,Shortland,LNP,0.3038976633624545,0.36878929888814505
2010,Solomon,ALP,0.3453788370195225,0.48374701881459237
2010,Solomon,LNP,0.440229331882572,0.5162529811854076
2010,Spence,ALP,0.5056078666631889,0.6802088157285395
2010,Spence,LNP,0.2359216463653199,0.31979118427146047
2010,Stirling,ALP,0.3151750972762646,0.4532831559823514
2010,Stirling,LNP,0.46611415790924965,0.5467168440176486
2010,Sturt,ALP,0.34547046344830684,0.4682185802718023
2010,Sturt,LNP,0.4557821602146072,0.5317814197281977
2010,Swan,ALP,0.3361152569218117,0.46945952021580656
2010,Swan,LNP,0.4489811458682343,0.5305404797841935
2010,Sydney,ALP,0.39580179477175187,0.6620476522779384
2010,Sydney,LNP,0.26425282871634803,0.3379523477220616
2010,Tangney,ALP,0.25759970384292286,0.3885002508928835
2010,Tangney,LNP,0.5290675323565845,0.6114997491071165
2010,Wannon,ALP,0.2998220742696436,0.43987345607932027
2010,Wannon,LNP,0.4391551397577914,0.5601265439206797
2010,Warringah,ALP,0.20704268547690077,0.3667900024862161
2010,Warringah,LNP,0.5648925195862492,0.6332099975137839
2010,Watson,ALP,0.45243359884913553,0.6201715743102248
2010,Watson,LNP,0.29871859765031833,0.3798284256897751
2010,Wentworth,ALP,0.19152158614570267,0.329819156276577
2010,Wentworth,LNP,0.5925710614080715,0.670180843723423
2010,Werriwa,ALP,0.4512603534371916,0.5762233269081194
2010,Werriwa,LNP,0.33845647818676555,0.42377667309188055
2010,Whitlam,ALP,0.4649570596360579,0.6113304942573236
2010,Whitlam,LNP,0.2926550957900426,0.3886695057426765
2010,Wide Bay,ALP,0.22967628130038725,0.34564693862657814
2010,Wide Bay,LNP,0.5540564750630487,0.6543530613734219
2010,Wills,ALP,0.5008178609349442,0.7465622788937767
2010,Wills,LNP,0.20361867592619165,0.25343772110622326
2010,Wright,ALP,0.27193176218714427,0.4088078774933932
2010,Wright,LNP,0.4921584286272577,0.5911921225066068
2013,Adelaide,ALP,0.4330208186474928,0.5764002913544277
2013,Adelaide,LNP,0.3553150993937685,0.4235997086455723
2013,Aston,ALP,0.3174637420592113,0.4335639703107309
2013,Aston,LNP,0.47481721203404054,0.5664360296892691
2013,Ballarat,ALP,0.3965852851744889,0.5468960999023973
2013,Ballarat,LNP,0.36400300250632944,0.4531039000976027
2013,Banks,ALP,0.36012968872143836,0.4693770621804948
2013,Banks,LNP,0.4346494431842938,0.5306229378195052
2013,Barker,ALP,0.18182610021122314,0.34238034321013266
2013,Barker,LNP,0.4927596193628465,0.6576196567898673
2013,Barton,ALP,0.3879070439842423,0.5423483122799752
2013,Barton,LNP,0.3357548158589035,0.45765168772002485
2013,Bass,ALP,0.3293761376266491,0.4610862167716721
2013,Bass,LNP,0.45464795992332596,0.5389137832283278
2013,Bean,ALP,0.40332714027282063,0.569934890846419
2013,Bean,LNP,0.36218403168239377,0.430065109153581
2013,Bendigo,ALP,0.34737927872860636,0.5159403017416506
2013,Bendigo,LNP,0.3683908924205379,0.4840596982583494
2013,Bennelong,ALP,0.3044626981543162,0.4253754714668918
2013,Bennelong,LNP,0.485024166687536,0.5746245285331082
2013,Berowra,ALP,0.18142298217649616,0.31209888281435705
2013,Berowra,LNP,0.57832198232140275,0.687901117185643
2013,Blair,ALP,0.38772179444258453,0.5491017875390608
2013,Blair,LNP,0.3217414351076889,0.45089821246093925
2013,Blaxland,ALP,0.49158390843292377,0.6335794996628235
2013,Blaxland,LNP,0.26749144364024013,0.3664205003371766
2013,Bonner,ALP,0.3565201921366305,0.47879842191916994
2013,Bonner,LNP,0.43166992824527073,0.52120157808083
2013,Boothby,ALP,0.31592335085636764,0.4408765721970524
2013,Boothby,LNP,0.4802971850093268,0.5591234278029477
2013,Bowman,ALP,0.2872632318439087,0.41444021240512663
2013,Bowman,LNP,0.4656363082061954,0.5855597875948734
2013,Braddon,ALP,0.3602281466290695,0.47252820393357514
2013,Braddon,LNP,0.45209561650858754,0.5274717960664248
2013,Bradfield,ALP,0.15101026056618547,0.2852614665498101
2013,Bradfield,LNP,0.6181063967144211,0.7147385334501899
2013,Brand,ALP,0.394748650028624,0.5452554984854471
2013,Brand,LNP,0.3469233030589036,0.45474450151455287
2013,Brisbane,ALP,0.30744058728381235,0.47659546925566343
2013,Brisbane,LNP,0.4442080378250591,0.5234045307443366
2013,Bruce,ALP,0.4980679808762853,0.6324896365359857
2013,Bruce,LNP,0.28221887484445607,0.3675103634640144
2013,Burt,ALP,0.3123036941375297,0.4530875732608511
2013,Burt,LNP,0.4115368058544985,0.5469124267391489
2013,Calare,ALP,0.24953658751875718,0.35316147115282703
2013,Calare,LNP,0.5285109012269397,0.646838528847173
2013,Calwell,ALP,0.4868894947658959,0.6606985456148082
2013,Calwell,LNP,0.24302399946144265,0.3393014543851917
2013,Canberra,ALP,0.42178191990491787,0.6477928934619249
2013,Canberra,LNP,0.2928702911889612,0.352207106538075
2013,Canning,ALP,0.2557779986432549,0.38095079065573495
2013,Canning,LNP,0.49491220597283353,0.619049209344265
2013,Capricornia,ALP,0.356680431597176,0.5006616549821212
2013,Capricornia,LNP,0.36808312241907554,0.49933834501787877
2013,Casey,ALP,0.2727895993093291,0.44968427783550474
2013,Casey,LNP,0.449570869940582,0.5503157221644952
2013,Chifley,ALP,0.46403592930936194,0.6193752535496957
2013,Chifley,LNP,0.26706433626718945,0.38062474645030425
2013,Chisholm,ALP,0.3567044748290864,0.4940567147628771
2013,Chisholm,LNP,0.44081468821214004,0.5059432852371228
2013,Clark,ALP,0.24518599950352848,0.5983529018975016
2013,Clark,LNP,0.22053973545161176,0.4016470981024985
2013,Cook,ALP,0.22820453314767541,0.3239037403434669
2013,Cook,LNP,0.5745854928960058,0.6760962596565331
2013,Cooper,ALP,0.3926339071064525,0.7276998741180948
2013,Cooper,LNP,0.19919497753904908,0.2723001258819052
2013,Corangamite,ALP,0.32420898421949396,0.48833288823607957
2013,Corangamite,LNP,0.4326024299749996,0.5116671117639204
2013,Corio,ALP,0.4045724907063197,0.5700972553542873
2013,Corio,LNP,0.3433209417596035,0.42990274464571265
2013,Cowan,ALP,0.34058223517486064,0.466748644004986
2013,Cowan,LNP,0.42753737962493665,0.5332513559950139
2013,Cowper,ALP,0.22224291330436582,0.36465567367716595
2013,Cowper,LNP,0.5138112973308504,0.635344326322834
2013,Cunningham,ALP,0.4420603857981549,0.6210777024472617
2013,Cunningham,LNP,0.28796244525207343,0.3789222975527384
2013,Curtin,ALP,0.16512079213972464,0.31250296409883493
2013,Curtin,LNP,0.6104854606298611,0.6874970359011651
2013,Dawson,ALP,0.2847640530079717,0.4245328869208338
2013,Dawson,LNP,0.43967395483556765,0.5754671130791662
2013,Deakin,ALP,0.3009860088078257,0.4510513287816555
2013,Deakin,LNP,0.45566857632799407,0.5489486712183446
2013,Dickson,ALP,0.3087785425543538,0.441686316541622
2013,Dickson,LNP,0.44804981973123564,0.558313683458378
2013,Dobell,ALP,0.3455843213162352,0.5089810130740424
2013,Dobell,LNP,0.37060246794096297,0.4910189869259576
2013,Dunkley,ALP,0.32448426988247775,0.47679225574860606
2013,Dunkley,LNP,0.43213857019233454,0.5232077442513939
2013,Durack,ALP,0.1813686321216964,0.3433224439628683
2013,Durack,LNP,0.35822943207345204,0.6566775560371316
2013,Eden-Monaro,ALP,0.34482253933406515,0.47568589859840926
2013,Eden-Monaro,LNP,0.38688864495670205,0.5243141014015907
2013,Fadden,ALP,0.20876959389941294,0.34880803011292344
2013,Fadden,LNP,0.5078375597651759,0.6511919698870765
2013,Fairfax,ALP,0.17185051072799007,0.37942443170474316
2013,Fairfax,LNP,0.3935307787926282,0.6205755682952568
2013,Farrer,ALP,0.19032800866698937,0.2855301640807019
2013,Farrer,LNP,0.3955696931977964,0.714469835919298
2013,Fenner,ALP,0.42841999713508094,0.5934778386937751
2013,Fenner,LNP,0.33008165019338204,0.40652216130622487
2013,Fisher,ALP,0.1980449004994004,0.4135117229789778
2013,Fisher,LNP,0.40642693422790266,0.5864882770210221
2013,Flinders,ALP,0.2501082219849355,0.39844023168488424
2013,Flinders,LNP,0.5122795878906814,0.6015597683151158
2013,Flynn,ALP,0.33673704525160586,0.45594693504117106
2013,Flynn,LNP,0.4210905320160152,0.5440530649588289
2013,Forde,ALP,0.3234702060455297,0.46851707247817137
2013,Forde,LNP,0.38048868304338573,0.5314829275218287
2013,Forrest,ALP,0.22179158327930773,0.3615476725041161
2013,Forrest,LNP,0.4828480423936635,0.6384523274958839
2013,Fowler,ALP,0.4913364578895043,0.6335578282198387
2013,Fowler,LNP,0.26605595796051695,0.3664421717801613
2013,Franklin,ALP,0.3822737701660253,0.5524467624409256
2013,Franklin,LNP,0.3679114049825664,0.4475532375590744
2013,Fraser,ALP,0.5083169420031153,0.6858796785133104
2013,Fraser,LNP,0.2261435084647482,0.3141203214866896
2013,Fremantle,ALP,0.39333527781828787,0.5645472061657033
2013,Fremantle,LNP,0.3411696077001604,0.43545279383429675
2013,Gellibrand,ALP,0.4165946282057115,0.64538424359594
2013,Gellibrand,LNP,0.2706522893064592,0.35461575640405996
2013,Gilmore,ALP,0.32319676860934793,0.45999902377117197
2013,Gilmore,LNP,0.4500750144258511,0.540000976228828
2013,Gippsland,ALP,0.21855647702169267,0.3396005607067992
2013,Gippsland,LNP,0.5089269546952523,0.6603994392932008
2013,Goldstein,ALP,0.23199549887471868,0.39713590275807487
2013,Goldstein,LNP,0.5408419412545444,0.6028640972419251
2013,Gorton,ALP,0.45949226978969543,0.6449470127476578
2013,Gorton,LNP,0.24818795301174706,0.3550529872523422
2013,Grayndler,ALP,0.4436030346639096,0.695145485825417
2013,Grayndler,LNP,0.24302460425020608,0.304854514174583
2013,Greenway,ALP,0.4075615594663844,0.5400721729997576
2013,Greenway,LNP,0.3491236722762868,0.4599278270002424
2013,Grey,ALP,0.26523317446884326,0.3734284904055204
2013,Grey,LNP,0.5152554451917509,0.6265715095944796
2013,Griffith,ALP,0.3768666972056803,0.5143003637179343
2013,Griffith,LNP,0.4198198198198198,0.48569963628206564
2013,Groom,ALP,0.2184574589186945,0.34505998489890655
2013,Groom,LNP,0.522546170432174,0.6549400151010935
2013,Hasluck,ALP,0.2784540566664653,0.4425793211806391
2013,Hasluck,LNP,0.43389415815864196,0.557420678819361
2013,Herbert,ALP,0.27999896354261133,0.4420523860782203
2013,Herbert,LNP,0.4045681859404555,0.5579476139217797
2013,Higgins,ALP,0.24278554625286752,0.40212613873131264
2013,Higgins,LNP,0.5223483686202312,0.5978738612686874
2013,Hindmarsh,ALP,0.41148715765574,0.5458883948143045
2013,Hindmarsh,LNP,0.36379546852088357,0.4541116051856955
2013,Hinkler,ALP,0.2606915141775958,0.4080244721820119
2013,Hinkler,LNP,0.42372090612202584,0.5919755278179881
2013,Holt,ALP,0.42274784390743747,0.558729005901044
2013,Holt,LNP,0.340278370762531,0.441270994098956
2013,Hotham,ALP,0.4181148481371898,0.5447735568301771
2013,Hotham,LNP,0.3863655576354085,0.45522644316982286
2013,Hughes,ALP,0.27403489946603304,0.3767396168749659
2013,Hughes,LNP,0.5247949720242201,0.6232603831250341
2013,Hume,ALP,0.23595604506135587,0.35751820281789076
2013,Hume,LNP,0.5321992556829612,0.6424817971821092
2013,Hunter,ALP,0.41705953041227584,0.5550444496794912
2013,Hunter,LNP,0.16459835459419486,0.4449555503205088
2013,Indi,ALP,0.10954848260547742,0.4110558759196659
2013,Indi,LNP,0.4195511171887742,0.588944124080334
2013,Isaacs,ALP,0.3618345240838903,0.49714648065948003
2013,Isaacs,LNP,0.4279067757547822,0.50285351934052
2013,Jagajaga,ALP,0.36569714040781337,0.5279634324345087
2013,Jagajaga,LNP,0.4018002571795971,0.4720365675654913
2013,Kennedy,ALP,0.16363345038922195,0.33389487393649403
2013,Kennedy,LNP,0.3858705085922583,0.666105126063506
2013,Kingsford Smith,ALP,0.39054732808616405,0.5300012830199439
2013,Kingsford Smith,LNP,0.39503935376967686,0.4699987169800562
2013,Kingston,ALP,0.4510436815436281,0.574206116307239
2013,Kingston,LNP,0.333194887799784,0.42579388369276105
2013,Kooyong,ALP,0.22814407645775212,0.4031371651019006
2013,Kooyong,LNP,0.5288373891666437,0.5968628348980994
2013,La Trobe,ALP,0.2890133741900476,0.4189629679413939
2013,La Trobe,LNP,0.45997318778128893,0.5810370320586061
2013,Lalor,ALP,0.4312753352042407,0.6303123743129105
2013,Lalor,LNP,0.2613969441845962,0.3696876256870894
2013,Leichhardt,ALP,0.3020513967656618,0.4401941910102955
2013,Leichhardt,LNP,0.42708264799926315,0.5598058089897046
2013,Lilley,ALP,0.37845333766268907,0.5069922623695606
2013,Lilley,LNP,0.4014936277295235,0.4930077376304394
2013,Lindsay,ALP,0.35899892228475633,0.4692536767587054
2013,Lindsay,LNP,0.4292659561729134,0.5307463232412947
2013,Lingiari,ALP,0.33112630966239814,0.46816595579682047
2013,Lingiari,LNP,0.411052095459837,0.5318340442031795
2013,Longman,ALP,0.2918797239076313,0.4320031483667847
2013,Longman,LNP,0.42051908943186395,0.5679968516332152
2013,Lyne,ALP,0.2233978494623656,0.36162380890223206
2013,Lyne,LNP,0.2873978494623656,0.6383761910977679
2013,Lyons,ALP,0.3664931559668402,0.4998986623429266
2013,Lyons,LNP,0.41326392905340276,0.5001013376570733
2013,Macarthur,ALP,0.35208873668572005,0.47227501397428734
2013,Macarthur,LNP,0.4072595875406038,0.5277249860257127
2013,Mackellar,ALP,0.16437829457364342,0.3140834279977809
2013,Mackellar,LNP,0.5837643410852713,0.6859165720022191
2013,Macnamara,ALP,0.31401190752891955,0.5614834092387768
2013,Macnamara,LNP,0.37396077309542114,0.4385165907612232
2013,Macquarie,ALP,0.2958193010374647,0.4576775004583191
2013,Macquarie,LNP,0.4451599373326919,0.5423224995416809
2013,Makin,ALP,0.4410200388418079,0.5603273650143193
2013,Makin,LNP,0.3417527365819209,0.4396726349856807
2013,Mallee,ALP,0.178764409221902,0.2774755826322406
2013,Mallee,LNP,0.3201774135446686,0.7225244173677594
2013,Maranoa,ALP,0.16394385484423143,0.2920388349514563
2013,Maranoa,LNP,0.529914412872304,0.7079611650485437
2013,Maribyrnong,ALP,0.38338750550903483,0.5955000437738932
2013,Maribyrnong,LNP,0.32661690171881885,0.40449995622610674
2013,Mayo,ALP,0.22229363039131678,0.3932086980238526
2013,Mayo,LNP,0.49870275159478245,0.6067913019761474
2013,McEwen,ALP,0.33470677786603126,0.484440444459829
2013,McEwen,LNP,0.40372650251522374,0.515559555540171
2013,McMahon,ALP,0.4542283017867557,0.5759728114035624
2013,McMahon,LNP,0.32953714013042784,0.4240271885964376
2013,McPherson,ALP,0.21108967812700935,0.3649602941960241
2013,McPherson,LNP,0.4749297124197839,0.635039705803976
2013,Melbourne,ALP,0.2549628629304524,0.7001811882132299
2013,Melbourne,LNP,0.21560507164828568,0.29981881178677006
2013,Menzies,ALP,0.271565274943467,0.392582548360573
2013,Menzies,LNP,0.5323754894931333,0.6074174516394271
2013,Mitchell,ALP,0.1963293080314357,0.2832865905976667
2013,Mitchell,LNP,0.6114984665516581,0.7167134094023333
2013,Monash,ALP,0.22970834583799415,0.3761611932487243
2013,Monash,LNP,0.4891686901481461,0.6238388067512757
2013,Moncrieff,ALP,0.19856226654450632,0.33041729814084
2013,Moncrieff,LNP,0.5144125731200225,0.66958270185916
2013,Moore,ALP,0.24513534769261994,0.3730388383020521
2013,Moore,LNP,0.5196615673440393,0.6269611616979479
2013,Moreton,ALP,0.37063273727647866,0.5213122430166371
2013,Moreton,LNP,0.3938101788170564,0.47868775698336286
2013,New England,ALP,0.12281629275468922,0.3007748326508594
2013,New England,LNP,0.5051489518205222,0.6992251673491405
2013,Newcastle,ALP,0.41751036216620235,0.5982944290334694
2013,Newcastle,LNP,0.3084414849040792,0.4017055709665306
2013,Nicholls,ALP,0.2064417538497708,0.3040405688679127
2013,Nicholls,LNP,0.5601857293993182,0.6959594311320874
2013,North Sydney,ALP,0.1920677587868337,0.34709912712353014
2013,North Sydney,LNP,0.5722092610437693,0.6529008728764699
2013,O'Connor,ALP,0.1863825684018803,0.3500877931792551
2013,O'Connor,LNP,0.3588771779453321,0.6499122068207449
2013,Oxley,ALP,0.4052170509964477,0.5398145290955452
2013,Oxley,LNP,0.3559967487506773,0.4601854709044549
2013,Page,ALP,0.34432124662870844,0.4725827010622155
2013,Page,LNP,0.4389133491620756,0.5274172989377846
2013,Parkes,ALP,0.21648755656108598,0.3087135140618264
2013,Parkes,LNP,0.5105934200603318,0.6912864859381737
2013,Parramatta,ALP,0.38572454482729485,0.5201908142888839
2013,Parramatta,LNP,0.38249996479716125,0.479809185711116
2013,Paterson,ALP,0.3802786242925555,0.508637682578939
2013,Paterson,LNP,0.2860481635084664,0.491362317421061
2013,Pearce,ALP,0.2457954626780219,0.40470153095269873
2013,Pearce,LNP,0.44004508695341016,0.5952984690473013
2013,Perth,ALP,0.3767426628824502,0.5368346555186149
2013,Perth,LNP,0.385896516233665,0.4631653444813852
2013,Petrie,ALP,0.37103376971763097,0.4916466017696501
2013,Petrie,LNP,0.38831682338311935,0.50835339823035
2013,Rankin,ALP,0.3969997705369436,0.5510087786847374
2013,Rankin,LNP,0.33637849931161085,0.4489912213152626
2013,Reid,ALP,0.3392761412528007,0.45475917776840075
2013,Reid,LNP,0.4649273529533052,0.5452408222315992
2013,Richmond,ALP,0.32655139716469805,0.5128597333070176
2013,Richmond,LNP,0.37347084508855927,0.4871402666929823
2013,Riverina,ALP,0.20402013415328296,0.3088221222849488
2013,Riverina,LNP,0.3952276253083182,0.6911778777150512
2013,Robertson,ALP,0.3298206579542537,0.47046795431161353
2013,Robertson,LNP,0.4084402009804521,0.5295320456883864
2013,Ryan,ALP,0.24737809343521577,0.4157242325893942
2013,Ryan,LNP,0.501236683201835,0.5842757674106058
2013,Scullin,ALP,0.5091066033664221,0.6797955315248128
2013,Scullin,LNP,0.23697309739605812,0.32020446847518724
2013,Shortland,ALP,0.45006074749491765,0.5745357611971051
2013,Shortland,LNP,0.33984915374529356,0.4254642388028949
2013,Solomon,ALP,0.34132493340333275,0.48795440985866234
2013,Solomon,LNP,0.42118260125610063,0.5120455901413377
2013,Spence,ALP,0.4511503959764291,0.6053877638372435
2013,Spence,LNP,0.2846526292084225,0.3946122361627565
2013,Stirling,ALP,0.2886759213586076,0.41484912533165447
2013,Stirling,LNP,0.475949545486576,0.5851508746683456
2013,Sturt,ALP,0.28615411975235916,0.40570310771631174
2013,Sturt,LNP,0.5174004379286199,0.5942968922836883
2013,Swan,ALP,0.28974551330140225,0.43158700980392156
2013,Swan,LNP,0.46360147729240003,0.5684129901960784
2013,Sydney,ALP,0.3953281093326401,0.6264715282586694
2013,Sydney,LNP,0.29863457991359355,0.37352847174133064
2013,Tangney,ALP,0.23992803166606694,0.3675221398879451
2013,Tangney,LNP,0.5369125584742713,0.632477860112055
2013,Wannon,ALP,0.2779574861367837,0.3926424155910141
2013,Wannon,LNP,0.5112060998151571,0.6073575844089859
2013,Warringah,ALP,0.1799054692775152,0.3454898822453413
2013,Warringah,LNP,0.577204591492235,0.6545101177546587
2013,Watson,ALP,0.4473874425727412,0.5975541569296497
2013,Watson,LNP,0.30809188361408885,0.40244584307035025
2013,Wentworth,ALP,0.1776980715613383,0.31241011366272325
2013,Wentworth,LNP,0.6076033921933085,0.6875898863372767
2013,Werriwa,ALP,0.43001414767767376,0.5695800266872674
2013,Werriwa,LNP,0.30814846031124893,0.43041997331273263
2013,Whitlam,ALP,0.4065575666454635,0.566210563451265
2013,Whitlam,LNP,0.27273463251026425,0.43378943654873503
2013,Wide Bay,ALP,0.1969781075262994,0.37348265998776164
2013,Wide Bay,LNP,0.45679045775172283,0.6265173400122384
2013,Wills,ALP,0.4461112358709484,0.7167021395765655
2013,Wills,LNP,0.20809940863837115,0.2832978604234345
2013,Wright,ALP,0.2100302577122387,0.3901779804368611
2013,Wright,LNP,0.4408757347059437,0.609822019563139
2016,Adelaide,ALP,0.38545413414772084,0.5933766233766233
2016,Adelaide,LNP,0.3040606266259473,0.4066233766233766
2016,Aston,ALP,0.30317845473765137,0.4337279669866512
2016,Aston,LNP,0.4696208917931962,0.5662720330133487
2016,Ballarat,ALP,0.4069596711041504,0.5693603784589463
2016,Ballarat,LNP,0.3327868050117463,0.43063962154105373
2016,Banks,ALP,0.37816151407843607,0.490701370098355
2016,Banks,LNP,0.4043820209817106,0.509298629901645
2016,Barker,ALP,0.15501539319695784,0.36167799180097715
2016,Barker,LNP,0.43552556772470313,0.63832200819902285
2016,Barton,ALP,0.4391360058575874,0.5792603043434446
2016,Barton,LNP,0.32518762584660443,0.4207396956565555
2016,Bass,ALP,0.38581643306862407,0.5609345331462066
2016,Bass,LNP,0.3697124054797988,0.43906546685379344
2016,Bean,ALP,0.43829223460886585,0.5894408636604513
2016,Bean,LNP,0.36167673247236876,0.4105591363395487
2016,Bendigo,ALP,0.37012051111245686,0.5395552500604626
2016,Bendigo,LNP,0.3591352267910131,0.46044474993953743
2016,Bennelong,ALP,0.27162716901302036,0.4031698596509953
2016,Bennelong,LNP,0.47344296975344397,0.5968301403490047
2016,Berowra,ALP,0.1939791760977818,0.33972563100922015
2016,Berowra,LNP,0.5401136763744279,0.6602743689907798
2016,Blair,ALP,0.3941241759270403,0.5897979209033121
2016,Blair,LNP,0.2729035450181196,0.41020207909668793
2016,Blaxland,ALP,0.5716670947855125,0.7108569561310351
2016,Blaxland,LNP,0.2066101549790222,0.28914304386896494
2016,Bonner,ALP,0.35939301405290874,0.49138125827173246
2016,Bonner,LNP,0.42685320786464337,0.5086187417282675
2016,Boothby,ALP,0.2598375117968077,0.4702928422292414
2016,Boothby,LNP,0.40502031102539904,0.5297071577707586
2016,Bowman,ALP,0.3095055149336969,0.4295465689437147
2016,Bowman,LNP,0.47790308588424835,0.5704534310562853
2016,Braddon,ALP,0.3802117432892068,0.522294500295683
2016,Braddon,LNP,0.3937051881896428,0.47770549970431697
2016,Bradfield,ALP,0.16203786084837865,0.2892065435596623
2016,Bradfield,LNP,0.5877465540605281,0.7107934564403378
2016,Brand,ALP,0.4658806253779045,0.6235852610956221
2016,Brand,LNP,0.29529814862802684,0.376414738904378
2016,Brisbane,ALP,0.2680213778117108,0.46660875230752524
2016,Brisbane,LNP,0.4593410465730898,0.5333912476924747
2016,Bruce,ALP,0.5424623298473783,0.6685620712775285
2016,Bruce,LNP,0.2630480673573872,0.3314379287224715
2016,Burt,ALP,0.45392542575928774,0.5727526808122291
2016,Burt,LNP,0.3375308003321671,0.4272473191877709
2016,Calare,ALP,0.2567306167750119,0.38004044647545837
2016,Calare,LNP,0.45580043338089954,0.6199595535245416
2016,Calwell,ALP,0.562177887384261,0.7127506934923318
2016,Calwell,LNP,0.22722506903731707,0.2872493065076683
2016,Canberra,ALP,0.4130235358197403,0.6443030738335703
2016,Canberra,LNP,0.30807270016913685,0.35569692616642967
2016,Canning,ALP,0.3241261623450809,0.4372738695369151
2016,Canning,LNP,0.47789555886563795,0.562726130463085
2016,Capricornia,ALP,0.3796839729119639,0.5101874490627547
2016,Capricornia,LNP,0.37102642411366354,0.4898125509372453
2016,Casey,ALP,0.2761881913227941,0.4630198378699005
2016,Casey,LNP,0.4514495681600081,0.5369801621300995
2016,Chifley,ALP,0.5667042162858063,0.6999381315735204
2016,Chifley,LNP,0.20149393841862462,0.3000618684264797
2016,Chisholm,ALP,0.3332759054825927,0.4677045243682803
2016,Chisholm,LNP,0.46398611129517475,0.53229547563171975
2016,Clark,ALP,0.2347735287069054,0.6592979730206936
2016,Clark,LNP,0.19430654935122735,0.34070202697930646
2016,Cook,ALP,0.25087673963601465,0.3431843560911003
2016,Cook,LNP,0.5576679340937896,0.6568156439088997
2016,Cooper,ALP,0.3178989846394168,0.7384539287733183
2016,Cooper,LNP,0.16857589169487114,0.2615460712266817
2016,Corangamite,ALP,0.33905424248162364,0.5187368497424364
2016,Corangamite,LNP,0.3986331789778107,0.48126315025756367
2016,Corio,ALP,0.40578779511547763,0.5736862233420319
2016,Corio,LNP,0.358173334189516,0.42631377665796816
2016,Cowan,ALP,0.40737818686536637,0.5161390344485443
2016,Cowan,LNP,0.39349842939586527,0.48386096555145575
2016,Cowper,ALP,0.13191862815670885,0.3687931447372531
2016,Cowper,LNP,0.4419934721085484,0.6312068552627469
2016,Cunningham,ALP,0.45841007966551783,0.6357992325841894
2016,Cunningham,LNP,0.27581219277925306,0.3642007674158107
2016,Curtin,ALP,0.1518256000953005,0.290645862797877
2016,Curtin,LNP,0.6448418607421526,0.7093541372021229
2016,Dawson,ALP,0.3180479493732506,0.4715045787077301
2016,Dawson,LNP,0.40132651819398807,0.5284954212922699
2016,Deakin,ALP,0.30136741565312997,0.4448179510091769
2016,Deakin,LNP,0.48089053803339515,0.5551820489908231
2016,Dickson,ALP,0.3463609198731028,0.49490676086420765
2016,Dickson,LNP,0.419155686021562,0.5050932391357923
2016,Dobell,ALP,0.4148408763793379,0.5572301970269712
2016,Dobell,LNP,0.34918096456557995,0.4427698029730288
2016,Dunkley,ALP,0.3562586703660228,0.5220752594786224
2016,Dunkley,LNP,0.37868157080354287,0.4779247405213776
2016,Durack,ALP,0.2439475401684433,0.38470021569549634
2016,Durack,LNP,0.40499425055163624,0.6152997843045036
2016,Eden-Monaro,ALP,0.39998840579710143,0.5359464936162807
2016,Eden-Monaro,LNP,0.3795826086956522,0.46405350638371934
2016,Fadden,ALP,0.2466450346512839,0.38317914213624893
2016,Fadden,LNP,0.47792065590407135,0.6168208578637511
2016,Fairfax,ALP,0.1946475559920938,0.3873190188816079
2016,Fairfax,LNP,0.46097226769495675,0.6126809811183921
2016,Farrer,ALP,0.16755605406569005,0.303734732894144
2016,Farrer,LNP,0.5249085120605463,0.696265267105856
2016,Fenner,ALP,0.4499808911321675,0.6115397700210927
2016,Fenner,LNP,0.32917331084197626,0.3884602299789073
2016,Fisher,ALP,0.23319273478522853,0.4150736033930313
2016,Fisher,LNP,0.4426415310894953,0.5849263966069688
2016,Flinders,ALP,0.27053113527931694,0.4388124443423056
2016,Flinders,LNP,0.47814549504337905,0.5611875556576944
2016,Flynn,ALP,0.33912939737834974,0.517228153167551
2016,Flynn,LNP,0.3281685730050554,0.482771846832449
2016,Forde,ALP,0.3729533644890356,0.5117871381521928
2016,Forde,LNP,0.3663191607568875,0.48821286184780727
2016,Forrest,ALP,0.22231743813529156,0.3799607072691552
2016,Forrest,LNP,0.4607322250201052,0.6200392927308448
2016,Fowler,ALP,0.5424802898511392,0.6706608735421907
2016,Fowler,LNP,0.23777020883937416,0.3293391264578093
2016,Franklin,ALP,0.4530998780897189,0.6115979759460253
2016,Franklin,LNP,0.3350235869891694,0.3884020240539748
2016,Fraser,ALP,0.5660505995168295,0.714423548392199
2016,Fraser,LNP,0.22353307346860132,0.285576451607801
2016,Fremantle,ALP,0.4065091181331488,0.5858852698534512
2016,Fremantle,LNP,0.3469410817453703,0.4141147301465488
2016,Gellibrand,ALP,0.4385853898614919,0.6557629429790478
2016,Gellibrand,LNP,0.2837938550235534,0.34423705702095214
2016,Gilmore,ALP,0.3815207348225447,0.4974432980319076
2016,Gilmore,LNP,0.4288276536768303,0.5025567019680923
2016,Gippsland,ALP,0.19266349884075937,0.3204212295750624
2016,Gippsland,LNP,0.5142322613226821,0.6795787704249375
2016,Goldstein,ALP,0.21786565613348818,0.38488490847670676
2016,Goldstein,LNP,0.5387812480899701,0.6151150915232932
2016,Gorton,ALP,0.5699075934110084,0.6773479322424591
2016,Gorton,LNP,0.27832462836480515,0.32265206775754085
2016,Grayndler,ALP,0.4390030846504518,0.7247320341940497
2016,Grayndler,LNP,0.21805475936996696,0.27526796580595025
2016,Greenway,ALP,0.46138292065697417,0.5691096305269534
2016,Greenway,LNP,0.315263236242743,0.43089036947304665
2016,Grey,ALP,0.21531496715066528,0.4255728932406094
2016,Grey,LNP,0.3992822834428311,0.5744271067593906
2016,Griffith,ALP,0.321978021978022,0.5143269565794495
2016,Griffith,LNP,0.4022933588150979,0.4856730434205505
2016,Groom,ALP,0.22047832585949179,0.3585332981339706
2016,Groom,LNP,0.5057254964766176,0.6414667018660294
2016,Hasluck,ALP,0.341781975254411,0.4801687376771058
2016,Hasluck,LNP,0.43189106083900725,0.5198312623228942
2016,Herbert,ALP,0.29035820191818557,0.507191026240235
2016,Herbert,LNP,0.3253346898767944,0.49280897375976496
2016,Higgins,ALP,0.15483690119650048,0.39517776242033326
2016,Higgins,LNP,0.5033268910166566,0.6048222375796667
2016,Hindmarsh,ALP,0.38483117238548115,0.5862768152805107
2016,Hindmarsh,LNP,0.29835904804260316,0.4137231847194894
2016,Hinkler,ALP,0.2548836622737878,0.4193851986373096
2016,Hinkler,LNP,0.41156441137524435,0.5806148013626904
2016,Holt,ALP,0.4749334719970636,0.6077041104740369
2016,Holt,LNP,0.3140427614474046,0.392295889525963
2016,Hotham,ALP,0.40464918669579997,0.5364206525182135
2016,Hotham,LNP,0.3932507890264627,0.46357934748178653
2016,Hughes,ALP,0.3084606345475911,0.4071792949241501
2016,Hughes,LNP,0.49849282174423953,0.5928207050758498
2016,Hume,ALP,0.3047943617563871,0.39782859669376824
2016,Hume,LNP,0.5106528492604442,0.6021714033062318
2016,Hunter,ALP,0.47871215342513546,0.6259607173356105
2016,Hunter,LNP,0.24130223835846443,0.3740392826643894
2016,Indi,ALP,0.09272529590550792,0.45059824514756713
2016,Indi,LNP,0.25370036324099926,0.5494017548524328
2016,Isaacs,ALP,0.3675263464491871,0.5034954490623972
2016,Isaacs,LNP,0.43788063337393424,0.4965045509376028
2016,Jagajaga,ALP,0.38821914011816133,0.5443813936538512
2016,Jagajaga,LNP,0.40129498759180177,0.4556186063461488
2016,Kennedy,ALP,0.187163838776742,0.4377723292469352
2016,Kennedy,LNP,0.3089262960230702,0.5622276707530648
2016,Kingsford Smith,ALP,0.45938295715804306,0.5893771553976382
2016,Kingsford Smith,LNP,0.35454006081431855,0.4106228446023618
2016,Kingston,ALP,0.4468820740373678,0.6437885100639634
2016,Kingston,LNP,0.24483912020091675,0.35621148993603663
2016,Kooyong,ALP,0.2037650821340311,0.38124025250649834
2016,Kooyong,LNP,0.5575374327663905,0.6187597474935017
2016,La Trobe,ALP,0.31918039128993037,0.4740558075359256
2016,La Trobe,LNP,0.413534873438709,0.5259441924640744
2016,Lalor,ALP,0.508555059485406,0.6473371016496551
2016,Lalor,LNP,0.28457508580866603,0.352662898350345
2016,Leichhardt,ALP,0.26063736429054984,0.4672670639219935
2016,Leichhardt,LNP,0.35818519168568064,0.5327329360780065
2016,Lilley,ALP,0.4090281374072156,0.5393357088317638
2016,Lilley,LNP,0.39371408843185124,0.4606642911682362
2016,Lindsay,ALP,0.3654193459330749,0.513170131111897
2016,Lindsay,LNP,0.34556497532582564,0.486829868888103
2016,Lingiari,ALP,0.3372573723374936,0.5308161899983275
2016,Lingiari,LNP,0.3454860427575889,0.46918381000167253
2016,Longman,ALP,0.3331539438096815,0.5197163637467924
2016,Longman,LNP,0.348595242037865,0.48028363625320764
2016,Lyne,ALP,0.25105008833612186,0.38136665806515035
2016,Lyne,LNP,0.47317740935309877,0.6186333419348496
2016,Lyons,ALP,0.39399434941967015,0.5446623968518481
2016,Lyons,LNP,0.3810705558949298,0.45533760314815186
2016,Macarthur,ALP,0.4913890039652009,0.5889507396675309
2016,Macarthur,LNP,0.33043735574362315,0.41104926033246914
2016,Mackellar,ALP,0.16290910871214903,0.3456774126671504
2016,Mackellar,LNP,0.4782012680228146,0.6543225873328495
2016,Macnamara,ALP,0.25700894169736593,0.5361210543442889
2016,Macnamara,LNP,0.3807225998374237,0.46387894565571103
2016,Macquarie,ALP,0.33834388815868083,0.5275215252152522
2016,Macquarie,LNP,0.35409248416776196,0.47247847478474786
2016,Makin,ALP,0.4097070966483534,0.6080344234862887
2016,Makin,LNP,0.2632012396649437,0.39196557651371133
2016,Mallee,ALP,0.2130944331755691,0.29794756198837347
2016,Mallee,LNP,0.5419990984899707,0.7020524380116265
2016,Maranoa,ALP,0.18154521949456476,0.34260302401423065
2016,Maranoa,LNP,0.44561983930606913,0.6573969759857693
2016,Maribyrnong,ALP,0.39194533335196546,0.590635412404279
2016,Maribyrnong,LNP,0.3382987940358575,0.40936458759572103
2016,Mayo,ALP,0.15399717562773396,0.46775988633672744
2016,Mayo,LNP,0.3529776461268212,0.5322401136632725
2016,McEwen,ALP,0.3952825298081908,0.5570744491539134
2016,McEwen,LNP,0.3428780532430702,0.44292555084608665
2016,McMahon,ALP,0.49920205309581833,0.6398840789712009
2016,McMahon,LNP,0.25016713752722725,0.36011592102879914
2016,McPherson,ALP,0.2483728298897617,0.3854712949859874
2016,McPherson,LNP,0.5035183840517526,0.6145287050140126
2016,Melbourne,ALP,0.23494872994936816,0.6668757292882147
2016,Melbourne,LNP,0.24859237827795033,0.3331242707117853
2016,Menzies,ALP,0.25765381654527153,0.4305743584955573
2016,Menzies,LNP,0.46722330786995914,0.5694256415044426
2016,Mitchell,ALP,0.2298126327530763,0.3152946743204373
2016,Mitchell,LNP,0.5833066343906115,0.6847053256795627
2016,Monash,ALP,0.2608801361536591,0.4227227227227227
2016,Monash,LNP,0.47383634546289544,0.5772772772772773
2016,Moncrieff,ALP,0.23718298336514862,0.361074037399004
2016,Moncrieff,LNP,0.5446550313607854,0.638925962600996
2016,Moore,ALP,0.2846581558868997,0.3944809800128949
2016,Moore,LNP,0.5269411060689174,0.6055190199871051
2016,Moreton,ALP,0.3621051077649838,0.5488570633177642
2016,Moreton,LNP,0.35766164747564216,0.45114293668223576
2016,New England,ALP,0.062184949931056305,0.33790950877235765
2016,New England,LNP,0.48423336874703315,0.6620904912276424
2016,Newcastle,ALP,0.450172430999878,0.6395290493471336
2016,Newcastle,LNP,0.28357414532994757,0.36047095065286644
2016,Nicholls,ALP,0.15059694198142848,0.2681023121313321
2016,Nicholls,LNP,0.3057785845609626,0.7318976878686678
2016,North Sydney,ALP,0.16069815248844488,0.3640412371134021
2016,North Sydney,LNP,0.494821468319956,0.6359587628865979
2016,O'Connor,ALP,0.20202800836786633,0.3519040413155447
2016,O'Connor,LNP,0.407160655038708,0.6480959586844554
2016,Oxley,ALP,0.44798120059816277,0.5937942021648824
2016,Oxley,LNP,0.30836715801466924,0.40620579783511757
2016,Page,ALP,0.3410515793248074,0.48132268428435676
2016,Page,LNP,0.4275205632762161,0.5186773157156432
2016,Parkes,ALP,0.2760769914401983,0.3557850676771805
2016,Parkes,LNP,0.5473595584452032,0.6442149323228196
2016,Parramatta,ALP,0.43588098260493535,0.5884123284922754
2016,Parramatta,LNP,0.3053691743272839,0.4115876715077246
2016,Paterson,ALP,0.44175633863797165,0.6086854956227683
2016,Paterson,LNP,0.2849403888190756,0.3913145043772317
2016,Pearce,ALP,0.33220466516177577,0.4680978974513123
2016,Pearce,LNP,0.4296764484574868,0.5319021025486876
2016,Perth,ALP,0.3608597285067873,0.540269085824395
2016,Perth,LNP,0.40382975932848053,0.4597309141756049
2016,Petrie,ALP,0.37218341442200537,0.4898516506180039
2016,Petrie,LNP,0.42335081949389797,0.5101483493819962
2016,Rankin,ALP,0.4703651425068081,0.6159311381336248
2016,Rankin,LNP,0.27265209518513767,0.3840688618663752
2016,Reid,ALP,0.3506280720917531,0.45529641129323417
2016,Reid,LNP,0.4623429819770617,0.5447035887067658
2016,Richmond,ALP,0.30194721179971534,0.5370986720457219
2016,Richmond,LNP,0.3605037305386639,0.462901327954278
2016,Riverina,ALP,0.24682240532959326,0.33776442695025666
2016,Riverina,LNP,0.543445389200561,0.6622355730497433
2016,Robertson,ALP,0.3697842859392222,0.49178926370533965
2016,Robertson,LNP,0.42309422588118856,0.5082107362946604
2016,Ryan,ALP,0.2272117362912604,0.41237853694310334
2016,Ryan,LNP,0.5098398783433223,0.5876214630568967
2016,Scullin,ALP,0.5669537297458745,0.7018068684934785
2016,Scullin,LNP,0.23820842770739478,0.2981931315065215
2016,Shortland,ALP,0.4874137504776032,0.6025777462457136
2016,Shortland,LNP,0.32824264491043537,0.3974222537542864
2016,Solomon,ALP,0.39263102867432087,0.5707338453832025
2016,Solomon,LNP,0.31899939979476855,0.42926615461679746
2016,Spence,ALP,0.4353110282689229,0.6816279764869981
2016,Spence,LNP,0.18763366093653225,0.31837202351300187
2016,Stirling,ALP,0.31445832480032765,0.44174155325239967
2016,Stirling,LNP,0.4735964424680378,0.5582584467476003
2016,Sturt,ALP,0.2233535741150563,0.4394330772891034
2016,Sturt,LNP,0.437211786894003,0.5605669227108966
2016,Swan,ALP,0.32738225629791895,0.4717767538789665
2016,Swan,LNP,0.45850414645595367,0.5282232461210336
2016,Sydney,ALP,0.39159067882472137,0.63566992883652
2016,Sydney,LNP,0.289617297596021,0.36433007116348004
2016,Tangney,ALP,0.23117798249920582,0.3874080882352941
2016,Tangney,LNP,0.4780806884800878,0.6125919117647058
2016,Wannon,ALP,0.2887077728125217,0.4107774388391284
2016,Wannon,LNP,0.48504248767047164,0.5892225611608716
2016,Warringah,ALP,0.1376414603910905,0.38338726158038144
2016,Warringah,LNP,0.4905026592554085,0.6166127384196185
2016,Watson,ALP,0.4925753220001358,0.6660351207354755
2016,Watson,LNP,0.23710301740724812,0.3339648792645245
2016,Wentworth,ALP,0.17271845874773253,0.325275088938529
2016,Wentworth,LNP,0.5879151810846313,0.674724911061471
2016,Werriwa,ALP,0.4781406937361311,0.584001257268584
2016,Werriwa,LNP,0.3309066843150232,0.415998742731416
2016,Whitlam,ALP,0.4984549836006792,0.6342244437997903
2016,Whitlam,LNP,0.25013446388458255,0.36577555620020974
2016,Wide Bay,ALP,0.21613422718250253,0.42233746354723356
2016,Wide Bay,LNP,0.413168046140594,0.5776625364527664
2016,Wills,ALP,0.3820242796548194,0.7176128786435512
2016,Wills,LNP,0.19839110721076494,0.28238712135644883
2016,Wright,ALP,0.22650550825827062,0.41916861118313026
2016,Wright,LNP,0.38490292621074645,0.5808313888168698
