type,state,division,mean_est_first_prefs,lower_est_first_prefs,upper_est_first_prefs,actual_first_prefs,mean_est_2PP,lower_est_2PP,upper_est_2PP,actual_2PP,forecast_alp_win,actual_alp_win,forecast_type,actual_type
LinA,ACT,Bean,0.351807463945666,0.17873385346143097,0.541922969458594,0.3617705292808883,0.5471120056988819,0.43552007287355815,0.6661969438346411,0.5752,1,1,Marginal win,Fairly safe win
LinA,ACT,Canberra,0.3399519632504561,0.17555464389432887,0.513668260874259,0.39622000520910006,0.6076780322746372,0.5037829115563587,0.7109314442839425,0.6708,1,1,Safe win,Safe win
LinA,ACT,Fenner,0.3377496976860729,0.17466554819592123,0.5139320420080179,0.4351974199905937,0.5494353041010915,0.44413939356244525,0.6600277680554877,0.6056,1,1,Marginal win,Safe win
LinA,NSW,Banks,0.31553942897724635,0.15113443310836527,0.4972915641623111,0.33730588294805,0.47245423326920655,0.3677064539696835,0.5899502604388288,0.4374,0,0,Too close to call,Fairly safe loss
LinA,NSW,Barton,0.3168929927152813,0.1493803420578292,0.49318750051915033,0.4450291809217146,0.53020382870314,0.42194375065921325,0.642189514023473,0.5941,1,1,Marginal win,Fairly safe win
LinA,NSW,Bennelong,0.3260039083848103,0.17392892039150093,0.4981658745011012,0.3227137539146363,0.46238359275957375,0.36567820914948296,0.5738715787546984,0.43090000000000006,0,0,Marginal loss,Fairly safe loss
LinA,NSW,Berowra,0.3270453048026436,0.16744683439090155,0.4994556733634723,0.19747932649197966,0.4299398538021523,0.3308870471725532,0.5410646203651958,0.3435,0,0,Fairly safe loss,Safe loss
LinA,NSW,Blaxland,0.3027696394356384,0.12696577709733312,0.49502379009708547,0.5009065648167023,0.5468136249272973,0.43344291776600663,0.667149643408388,0.6472,1,1,Marginal win,Safe win
LinA,NSW,Bradfield,0.2963473327384621,0.14092284765470484,0.45923905544261173,0.203205620814579,0.3937418018379928,0.30048125538772363,0.4969917526393696,0.3344,0,0,Safe loss,Safe loss
LinA,NSW,Calare,0.30736397626876905,0.13407452161166358,0.5032125311992393,0.2087408064122165,0.43955476598477883,0.3315813567108199,0.5658462747366569,0.3671,0,0,Fairly safe loss,Safe loss
LinA,NSW,Chifley,0.3187730525235563,0.1476065864353018,0.5110304132848213,0.49057914904600236,0.5543644436389806,0.44408472537522875,0.6740173678264092,0.6236999999999999,1,1,Marginal win,Safe win
LinA,NSW,Cook,0.30960515596640076,0.14306171119834538,0.49505350132961884,0.21682440797092767,0.4042376130731023,0.3035671494769874,0.5226665176140488,0.3098,0,0,Fairly safe loss,Safe loss
LinA,NSW,Cowper,0.3052325080422794,0.12425991881127452,0.5116081686580882,0.12716515477251675,0.4620735517383974,0.3478995412989833,0.5951587562014855,0.3812,0,0,Marginal loss,Safe loss
LinA,NSW,Cunningham,0.3151299013176391,0.15191366933443295,0.4971885367270818,0.4395308972713733,0.5656141745682902,0.4606086397633243,0.678225142500007,0.6341,1,1,Fairly safe win,Safe win
LinA,NSW,Dobell,0.32088628888379467,0.1377545324974335,0.5266981291923732,0.39014014014014015,0.4997636130256957,0.382387046830263,0.6314317841431204,0.515,0,1,Too close to call,Too close to call
LinA,NSW,Eden-Monaro,0.2896106445814073,0.12735387776065743,0.4732727272727273,0.36503450542228066,0.4674460459373403,0.3642623720476837,0.5862036978076263,0.5085000000000001,0,1,Marginal loss,Too close to call
LinA,NSW,Farrer,0.2901083796442934,0.11483726376611285,0.48656070335070584,0.13302559406449443,0.37472969254907246,0.27271592585282844,0.497961106816042,0.3017,0,0,Safe loss,Safe loss
LinA,NSW,Fowler,0.31483268172954726,0.13444688054792925,0.5148551111283578,0.4738596709870389,0.5347865693423504,0.4185082299939436,0.6607317970282711,0.6399,1,1,Marginal win,Safe win
LinA,NSW,Gilmore,0.30006111227013976,0.12369584438549956,0.5073898012100259,0.3429215025473616,0.45308568601896865,0.34225431198140654,0.586809415941576,0.5261,0,1,Marginal loss,Too close to call
LinA,NSW,Grayndler,0.3149069668549304,0.1546212327672891,0.4911160500324214,0.4869294108242066,0.6468549574927446,0.5489031600867054,0.745884923639676,0.7383,1,1,Safe win,Safe win
LinA,NSW,Greenway,0.3230984756901206,0.15713844224074464,0.5040843687793705,0.42858676975945015,0.48837584871694034,0.3819406943625685,0.6050551753866473,0.528,0,1,Too close to call,Too close to call
LinA,NSW,Hughes,0.3076324877435834,0.1377131998516871,0.4842752234993614,0.28886086257063126,0.4249436160565912,0.32029089438079805,0.5385366234251301,0.40149999999999997,0,0,Fairly safe loss,Fairly safe loss
LinA,NSW,Hume,0.3318338145380435,0.15022490530303031,0.5286381134716732,0.24856193276236738,0.43965152558795817,0.32680674497878187,0.5664970511548361,0.3701,0,0,Fairly safe loss,Safe loss
LinA,NSW,Hunter,0.3264288914621872,0.14395747217417645,0.5309430975345195,0.342012045505242,0.5270568479352085,0.40952625778817486,0.6562765786083337,0.5297999999999999,1,1,Too close to call,Too close to call
LinA,NSW,Kingsford Smith,0.30915656242404604,0.15573644980960868,0.48248804990682975,0.42551980914544674,0.5084076614650225,0.4093006128772781,0.6196800861424989,0.5881000000000001,1,1,Too close to call,Fairly safe win
LinA,NSW,Lindsay,0.31457288009659146,0.13858967214637316,0.5073228383022197,0.31669375011411566,0.47232816431910235,0.36050319361332994,0.5966978979711008,0.4496,0,0,Too close to call,Marginal loss
LinA,NSW,Lyne,0.29998640914115693,0.11350924137076028,0.519282902689244,0.2190139832488587,0.43627447745907455,0.3208882799146814,0.5774078396252751,0.3483,0,0,Fairly safe loss,Safe loss
LinA,NSW,Macarthur,0.3246639185654864,0.1480413445670112,0.519159500854107,0.43547042604450065,0.4895753047451604,0.3765301537099421,0.6146366585156764,0.584,0,1,Too close to call,Fairly safe win
LinA,NSW,Mackellar,0.30093751892219195,0.1369028156221617,0.4731183772328185,0.1614445446522949,0.43063385160705575,0.32892009857613835,0.5415886908935392,0.3678,0,0,Fairly safe loss,Safe loss
LinA,NSW,Macquarie,0.3132752894720282,0.14909749753529256,0.49949552157405647,0.36633790441212766,0.5009747148830442,0.3952849742039287,0.6205246763855714,0.5019,1,1,Too close to call,Too close to call
LinA,NSW,McMahon,0.3030668459324345,0.12770413573700956,0.49895091652779877,0.40516247271529177,0.5069424113935996,0.39415146422529573,0.6321819253218955,0.5664,1,1,Too close to call,Fairly safe win
LinA,NSW,Mitchell,0.3182632480339898,0.15835907580467556,0.49365176039524844,0.22738037932030422,0.39329539480933307,0.29752282754466775,0.504568974328329,0.31370000000000003,0,0,Safe loss,Safe loss
LinA,NSW,New England,0.3016721447458423,0.12366948780512706,0.497790221641433,0.11882420528533129,0.4781055461648805,0.3647697338526469,0.6045076417029744,0.3237,0,0,Too close to call,Safe loss
LinA,NSW,Newcastle,0.3084366835386505,0.14436897539915888,0.4886835200416837,0.43212841833133175,0.5550228923480447,0.44920108515686347,0.6675462045530823,0.6383,1,1,Marginal win,Safe win
LinA,NSW,North Sydney,0.29286189142253755,0.13585272839926346,0.4607050291907741,0.24069247767879262,0.43856007767381017,0.3403652675801021,0.5469638860678593,0.4073,0,0,Fairly safe loss,Fairly safe loss
LinA,NSW,Page,0.2943351598830241,0.11742509228630328,0.49235581763267644,0.25105682178461974,0.47023272457223525,0.357982491962625,0.5979647935040171,0.40549999999999997,0,0,Too close to call,Fairly safe loss
LinA,NSW,Parkes,0.30363345313534473,0.11796714902739681,0.5083756318505207,0.22179580957725029,0.4015763029211127,0.29042968276444225,0.5320380458171595,0.3309,0,0,Fairly safe loss,Safe loss
LinA,NSW,Parramatta,0.31386383725882533,0.15267753107848572,0.4840059304259781,0.4130658269216202,0.5037770005727809,0.3998324684588855,0.613218494370936,0.535,1,1,Too close to call,Marginal win
LinA,NSW,Paterson,0.3027077638869853,0.1285067452469994,0.5025321598496262,0.3867508492485569,0.49463345067637615,0.3829472427402692,0.6228580514374477,0.5504,0,1,Too close to call,Marginal win
LinA,NSW,Reid,0.333575153840162,0.16926117775354416,0.5107843900919147,0.3492543591695294,0.48074141694451766,0.375672120402812,0.5952576273022572,0.4682,0,0,Too close to call,Marginal loss
LinA,NSW,Richmond,0.3170598325802569,0.13721907618239576,0.520188532191551,0.29347394838578716,0.5368616526151011,0.42098099267781613,0.664499782998583,0.5408,1,1,Marginal win,Marginal win
LinA,NSW,Riverina,0.30919948001528774,0.1329918733530465,0.5092088588497976,0.2196749036925679,0.3919681374799127,0.2872144005779802,0.5188755031809864,0.30519999999999997,0,0,Safe loss,Safe loss
LinA,NSW,Robertson,0.3071931251159818,0.1383080063506464,0.49488391513227037,0.3163663402669139,0.4681164165313762,0.36084675786542153,0.5893796940498192,0.4576,0,0,Marginal loss,Marginal loss
LinA,NSW,Shortland,0.3052938246809892,0.12935812387154363,0.506022153246911,0.3849775805741994,0.5083094248574019,0.39516715884209896,0.6364562752822495,0.5445,1,1,Too close to call,Marginal win
LinA,NSW,Sydney,0.3370949566433384,0.15982304470277653,0.5318133997242425,0.4753015654008867,0.623957209682762,0.5133170888028963,0.7362776147523546,0.6867,1,1,Safe win,Safe win
LinA,NSW,Warringah,0.31524045099056325,0.15562366578217587,0.48849530155816684,0.06278086992372707,0.46647813561643997,0.3649438171514592,0.5786155945740737,0.4788,0,0,Marginal loss,Too close to call
LinA,NSW,Watson,0.31476085706704404,0.14843622855121177,0.5024535644790377,0.45172131232561274,0.5537695382107253,0.4465497373882803,0.6707935106781371,0.6352,1,1,Marginal win,Safe win
LinA,NSW,Wentworth,0.3241580798865563,0.16388395823210336,0.5003054252650159,0.10617670899756823,0.44415104657650256,0.34361054011657777,0.5580142187400448,0.40149999999999997,0,0,Marginal loss,Fairly safe loss
LinA,NSW,Werriwa,0.3165174983735793,0.1370670850713712,0.5089634916382839,0.422343810122662,0.5097837338851687,0.3943455117940067,0.6327659549823381,0.5547,1,1,Too close to call,Marginal win
LinA,NSW,Whitlam,0.32782822967940334,0.14553850454785988,0.5247611250336969,0.4526293917301316,0.5371811687356007,0.4196753715392996,0.6611108748760641,0.6091,1,1,Marginal win,Safe win
LinA,NT,Lingiari,0.3125133895334409,0.12937011415808414,0.5121921144062538,0.4253759140543826,0.492557329790983,0.37538884922062465,0.6207203406489668,0.5546,0,1,Too close to call,Marginal win
LinA,NT,Solomon,0.32524361819795955,0.15442214492584885,0.5152093551250891,0.3829207319190306,0.49740578652792844,0.38769105879787874,0.6194193967169184,0.5307999999999999,0,1,Too close to call,Marginal win
LinA,QLD,Blair,0.32460423949133893,0.14444503948354936,0.5317737899338857,0.2891985726685312,0.5186887609747571,0.40268295374163426,0.6500521665805075,0.5121,1,1,Too close to call,Too close to call
LinA,QLD,Bonner,0.32607094255627966,0.15444879550347274,0.5097377675170713,0.3018850423078112,0.4786277158194542,0.369136998559129,0.5971981049539077,0.42590000000000006,0,0,Too close to call,Fairly safe loss
LinA,QLD,Bowman,0.29924804660352256,0.13013442941959055,0.48333581541272,0.25683666653569603,0.4339641857384481,0.3289205930463964,0.5526023767124487,0.39759999999999995,0,0,Fairly safe loss,Safe loss
LinA,QLD,Brisbane,0.34309999914647366,0.17894094451225234,0.5192862812710713,0.23874631888935632,0.5244880442533206,0.41841093967914833,0.636757939104298,0.4508,1,0,Too close to call,Marginal loss
LinA,QLD,Capricornia,0.30560667366211963,0.12458289611752361,0.4998426023084995,0.22237430902869176,0.48202991116830374,0.3666359069269997,0.6071405565409758,0.3765,0,0,Too close to call,Safe loss
LinA,QLD,Dawson,0.3062521994874589,0.13196823859394233,0.5002729180539579,0.18861329147043432,0.4569044042296052,0.34706231087428036,0.5821990327508133,0.3539,0,0,Marginal loss,Safe loss
LinA,QLD,Dickson,0.30324657760877083,0.1371840584720233,0.48575238283372,0.29961327492995543,0.459382472534729,0.3543406105543128,0.5774038031474565,0.4536,0,0,Marginal loss,Marginal loss
LinA,QLD,Fadden,0.311286803271816,0.13984498001695533,0.5030240076019413,0.21404466355606422,0.41837984031300096,0.3134157766758611,0.5414480336157459,0.3582,0,0,Fairly safe loss,Safe loss
LinA,QLD,Fairfax,0.31267711702330053,0.13910873243949576,0.5078077281238422,0.20100618082506827,0.47898806696109836,0.36831615934037687,0.6047673141972268,0.36560000000000004,0,0,Too close to call,Safe loss
LinA,QLD,Fisher,0.32609211016002976,0.1479963588448888,0.5311419346402597,0.21156286043829298,0.4993671211516521,0.38514919398599545,0.6306186048351395,0.373,0,0,Too close to call,Safe loss
LinA,QLD,Flynn,0.3085288805306991,0.12292308169212011,0.5097992312302378,0.26984227262198074,0.46631505965600784,0.34905077074883234,0.5960824680094409,0.41340000000000005,0,0,Marginal loss,Fairly safe loss
LinA,QLD,Forde,0.3236876160345546,0.14463162580987385,0.5219508960709278,0.2813831616015336,0.4871791876619554,0.37277071906407205,0.6146794803877405,0.414,0,0,Too close to call,Fairly safe loss
LinA,QLD,Griffith,0.30596609133421965,0.14450265430778814,0.4712563103727187,0.3025539889520109,0.5064580501738418,0.4022827482487753,0.612798440601925,0.5286,1,1,Too close to call,Too close to call
LinA,QLD,Groom,0.30535359823262825,0.13332249372851437,0.4942792695138694,0.1806242901184488,0.4120188773026247,0.30737510005411944,0.5329862011070187,0.2952,0,0,Fairly safe loss,Safe loss
LinA,QLD,Herbert,0.3184348559048867,0.13911849945958357,0.5142053008637096,0.2394958843523486,0.4852263715643941,0.37072303949240254,0.6112134806645899,0.4164,0,0,Too close to call,Fairly safe loss
LinA,QLD,Hinkler,0.2987276329296908,0.11556869605296238,0.5237492667392943,0.21135997276650278,0.4381877281764826,0.32453987273635904,0.5830110987108204,0.355,0,0,Fairly safe loss,Safe loss
LinA,QLD,Kennedy,0.2911903916871235,0.108646594303629,0.4962211509074956,0.1627199199533061,0.4658857943357953,0.3505173107358297,0.5980734381792275,0.3549,0,0,Marginal loss,Safe loss
LinA,QLD,Leichhardt,0.3142761001816417,0.13757532363936917,0.5047741011619301,0.269383500964094,0.4862332567932688,0.37328604894949147,0.6089130194465769,0.4583,0,0,Too close to call,Marginal loss
LinA,QLD,Lilley,0.293629953097202,0.13210843774676295,0.476596169763393,0.3440475595743618,0.47562061563150426,0.37248399364650264,0.5938453582789374,0.5064,0,1,Too close to call,Too close to call
LinA,QLD,Longman,0.3239030718400216,0.13858053827036815,0.5337146242317992,0.3211157564177749,0.48375589240700173,0.3656936070547308,0.6185164037159849,0.4672,0,0,Too close to call,Marginal loss
LinA,QLD,Maranoa,0.2894288540159094,0.108356662194568,0.49340541511287644,0.1493895809387717,0.3871127632396774,0.2802821350344245,0.5161289345226672,0.2458,0,0,Safe loss,Safe loss
LinA,QLD,McPherson,0.3156048114167221,0.14401874095230643,0.5070513322117451,0.21401018517581072,0.4360872176762611,0.32944114998780727,0.5595349198570435,0.37799999999999995,0,0,Fairly safe loss,Safe loss
LinA,QLD,Moncrieff,0.30973252808988766,0.14226231633535008,0.49791702679343125,0.20175885023308837,0.4077134996881943,0.30610445722612767,0.5280422794609992,0.3464,0,0,Fairly safe loss,Safe loss
LinA,QLD,Moreton,0.27990451220046436,0.12101195952161914,0.4580807815306435,0.34100662450102204,0.48331606415720424,0.3814721506801309,0.5983853288126055,0.519,0,1,Too close to call,Too close to call
LinA,QLD,Oxley,0.31995051364723426,0.15331813208625014,0.5038211287652132,0.405107376971559,0.5078587703389563,0.4004388559009572,0.6256415874809879,0.5639,1,1,Too close to call,Fairly safe win
LinA,QLD,Petrie,0.2972546989788846,0.12798179549969965,0.48421475765836525,0.29739113936059197,0.45692926022941166,0.3500806568034899,0.5777418926516972,0.41600000000000004,0,0,Marginal loss,Fairly safe loss
LinA,QLD,Rankin,0.3098077175087216,0.1391458145177,0.49719624926951067,0.3822343027996738,0.5068935631455018,0.3969911244537875,0.6268982665866742,0.5644,1,1,Too close to call,Fairly safe win
LinA,QLD,Ryan,0.30447614638528814,0.14337195870996133,0.475534460314259,0.23847360696391517,0.47253814057464194,0.36978285834993646,0.5832328390121031,0.4397,0,0,Too close to call,Fairly safe loss
LinA,QLD,Wide Bay,0.3013262374405077,0.1163611845584347,0.5110401903754626,0.20720729863302856,0.4488886644596093,0.33330152371447436,0.5840717189103698,0.3685,0,0,Marginal loss,Safe loss
LinA,QLD,Wright,0.3094426718039794,0.13081936124740376,0.5049301144858173,0.1759853434404141,0.46195058000046063,0.34918049521777816,0.5881528597946433,0.3542,0,0,Marginal loss,Safe loss
LinA,SA,Adelaide,0.3495070741949454,0.18011298604881368,0.5501245089244284,0.38781121124179013,0.5593237043618381,0.4503669235264433,0.6833181216559735,0.5818,1,1,Marginal win,Fairly safe win
LinA,SA,Barker,0.2989899542461575,0.11496452022392899,0.5124722600206394,0.19844851778037947,0.436179810955965,0.32222216627352684,0.5736173252166846,0.3106,0,0,Fairly safe loss,Safe loss
LinA,SA,Boothby,0.29489146136382743,0.13350878668124108,0.4697687715462875,0.3300611910712747,0.47498485510230454,0.3719634246440817,0.5881024970129604,0.48619999999999997,0,0,Too close to call,Too close to call
LinA,SA,Grey,0.28457647980281336,0.10405027176366492,0.5005922822730635,0.21246996787575023,0.42750202787300723,0.31635294153632,0.5663791280625229,0.3668,0,0,Fairly safe loss,Safe loss
LinA,SA,Hindmarsh,0.30017443366119073,0.1303991838443026,0.49377594084615106,0.4122797003837406,0.5192011038900779,0.40970677707244646,0.6423805506754183,0.5654,1,1,Too close to call,Fairly safe win
LinA,SA,Kingston,0.3114358800888637,0.1347921485449941,0.5134964024830636,0.48500379650721337,0.518770769217188,0.4049815077936491,0.6470842701332187,0.6194,1,1,Too close to call,Safe win
LinA,SA,Makin,0.2968657748397227,0.12707796545471897,0.4893644431720584,0.4624390243902439,0.5098528733402637,0.40049484589849105,0.6328893720174884,0.5972,1,1,Too close to call,Fairly safe win
LinA,SA,Mayo,0.2834544109500508,0.11730818945619056,0.4667334502815991,0.1324258277689819,0.4839121558779888,0.3775507322864138,0.6021480739063348,0.4746,0,0,Too close to call,Too close to call
LinA,SA,Spence,0.3220309902668416,0.13663650116652085,0.5292650918635167,0.4791204114860864,0.5669760893599843,0.44806290491687506,0.6940102586790837,0.6413,1,1,Fairly safe win,Safe win
LinA,SA,Sturt,0.2884685681350614,0.12679133212190102,0.4673365567038367,0.2825800108664718,0.45222700598649845,0.3503023659132755,0.567935477290479,0.4313,0,0,Marginal loss,Fairly safe loss
LinA,TAS,Bass,0.30079808591125523,0.13053413373061082,0.49161846756054095,0.3317633001264363,0.4966696105017857,0.3873262022596716,0.6192402847402679,0.4959,0,0,Too close to call,Too close to call
LinA,TAS,Braddon,0.2962918619545283,0.11442170533608921,0.5026462111728915,0.2979164176726027,0.4665715592644303,0.351549475754756,0.5995704884896045,0.46909999999999996,0,0,Marginal loss,Marginal loss
LinA,TAS,Clark,0.3185167789682207,0.1534966937306437,0.4952031193326079,0.19726681127982645,0.653973788105176,0.5538180583783118,0.752183420429816,0.6617000000000001,1,1,Safe win,Safe win
LinA,TAS,Franklin,0.3059980600238308,0.14369749776586238,0.49204870420017854,0.4260941484595768,0.5266307370200787,0.4217965898857605,0.6447790040999567,0.6221,1,1,Too close to call,Safe win
LinA,TAS,Lyons,0.3247106832288935,0.13622801949542984,0.5363998637097609,0.3479217506100732,0.5216094279984155,0.4003867902844136,0.6555038483649299,0.5518,1,1,Too close to call,Marginal win
LinA,VIC,Aston,0.29329281361097004,0.12846530310725332,0.47539867953275766,0.28713709716221286,0.4419706777649113,0.33885433783385566,0.5595795902653584,0.3987,0,0,Marginal loss,Safe loss
LinA,VIC,Ballarat,0.3162788189728887,0.14245561088476438,0.50958000100598555,0.45707447006668406,0.5098205828777289,0.3979010106713633,0.6333179307452359,0.6098,1,1,Too close to call,Safe win
LinA,VIC,Bendigo,0.32209090389551015,0.15302943713047726,0.5086108542274961,0.41838477434208665,0.5161917798907885,0.40713780383377457,0.6352206823881414,0.5904,1,1,Too close to call,Fairly safe win
LinA,VIC,Bruce,0.32129355936110093,0.141183978009032,0.5166793296852455,0.5246801473199338,0.5395634550780053,0.42340445651515163,0.6623508459952132,0.6415000000000001,1,1,Marginal win,Safe win
LinA,VIC,Calwell,0.31944892422547205,0.1389303642682456,0.5190084854005561,0.4890695067264574,0.5826169932911495,0.46725085403511357,0.7033723897880682,0.688,1,1,Fairly safe win,Safe win
LinA,VIC,Casey,0.3082097362624395,0.13936838689375763,0.4900336309640876,0.2675318590704648,0.48483059029803316,0.37675361651976125,0.602112497798335,0.4536,0,0,Too close to call,Marginal loss
LinA,VIC,Chisholm,0.3271189030927835,0.15966515463917527,0.5052049484536082,0.32763148627028765,0.4887630780753193,0.3814188832429476,0.6036466733378347,0.4943,0,0,Too close to call,Too close to call
LinA,VIC,Cooper,0.31716775700093586,0.1559458462313728,0.4902891260528399,0.4450310831779988,0.6957886072773953,0.6033245308100055,0.7848657952625057,0.7631999999999999,1,1,Safe win,Safe win
LinA,VIC,Corangamite,0.306716980250794,0.14264267894626942,0.4934806739128045,0.34065736750585923,0.49244816842105993,0.387084587120558,0.6126568095612286,0.5107,0,1,Too close to call,Too close to call
LinA,VIC,Corio,0.3156101818821283,0.14637542079083554,0.5106375923227653,0.45908203125,0.5266216958086107,0.4173971116962186,0.6501590421422948,0.6032,1,1,Too close to call,Safe win
LinA,VIC,Deakin,0.3203591623623474,0.1493919467976799,0.5097802228594379,0.31203659883262347,0.4715822526987649,0.3628561192024972,0.59389233013477,0.4522,0,0,Too close to call,Marginal loss
LinA,VIC,Dunkley,0.30317963095893646,0.13033059314033982,0.49082264789175556,0.3654166421755912,0.4754895277356095,0.3653987991102353,0.596603541982959,0.5274,0,1,Too close to call,Too close to call
LinA,VIC,Flinders,0.2955554421079571,0.11823295442427861,0.49793181769711437,0.23266327758159028,0.4411444747620975,0.3307198765935783,0.5716705115141432,0.4436,0,0,Marginal loss,Marginal loss
LinA,VIC,Fraser,0.3191223877438931,0.13951631056247354,0.5183440929922656,0.4736980883322347,0.5843667436606872,0.46970886005780077,0.7047474571891065,0.6418,1,1,Fairly safe win,Safe win
LinA,VIC,Gellibrand,0.3295765706162663,0.15828736444019276,0.512769219765581,0.46949947607062764,0.5981810922969338,0.48941034351672486,0.707908526809649,0.6483,1,1,Fairly safe win,Safe win
LinA,VIC,Gippsland,0.293394271031595,0.12027820073594722,0.4866260626824006,0.21986705621678856,0.40301296041017126,0.29865670417614915,0.5262162444361242,0.3333,0,0,Fairly safe loss,Safe loss
LinA,VIC,Goldstein,0.32595312469264515,0.17053081417078111,0.5004302968310481,0.2768064579641662,0.4703967497211195,0.37123321621896643,0.5833049403274955,0.42210000000000003,0,0,Too close to call,Fairly safe loss
LinA,VIC,Gorton,0.3242074739774794,0.1474378942073289,0.5180561467321904,0.4711624485576254,0.5616023277112623,0.44788180392419735,0.6814852810235672,0.6536,1,1,Fairly safe win,Safe win
LinA,VIC,Higgins,0.337525358100708,0.17844194930966978,0.5125384834294879,0.24866151100535397,0.4938386369499501,0.3915544890606482,0.6067056849667125,0.4612,0,0,Too close to call,Marginal loss
LinA,VIC,Holt,0.34773340669185526,0.16462382658824445,0.553932633506018,0.48636032241079025,0.5247146505388481,0.4068059368771067,0.6551067171459879,0.5870000000000001,1,1,Too close to call,Fairly safe win
LinA,VIC,Hotham,0.310277442492799,0.1520767946038841,0.48845902485860204,0.4346298972382787,0.49534547218414376,0.39353320621940674,0.6101077043492095,0.5590999999999999,0,1,Too close to call,Marginal win
LinA,VIC,Indi,0.2823721229091137,0.11020655501342556,0.4836265711031938,0.11559631289256042,0.49181165484030553,0.38148055201584663,0.6210251389050192,0.37270000000000003,0,0,Too close to call,Safe loss
LinA,VIC,Isaacs,0.32854276676054134,0.15687680904326057,0.5133233591488695,0.4292742805666373,0.4945861279648988,0.38441987636889247,0.6134705848722287,0.5643,0,1,Too close to call,Fairly safe win
LinA,VIC,Jagajaga,0.32143451624658964,0.15954899585340152,0.5037344010085788,0.4070500118887216,0.5173814677688487,0.4127997641980735,0.633733128480545,0.5657,1,1,Too close to call,Fairly safe win
LinA,VIC,Kooyong,0.3113826569018683,0.1589361509160167,0.48055369127516767,0.16329290039387823,0.4628460137511953,0.3658928319346461,0.5724209733763587,0.43320000000000003,0,0,Marginal loss,Fairly safe loss
LinA,VIC,La Trobe,0.32190548094956845,0.1498140031293067,0.5103324111204368,0.3295097042737525,0.46286453769013286,0.35396216940131275,0.5846134539813805,0.4551,0,0,Marginal loss,Marginal loss
LinA,VIC,Lalor,0.3256727919423989,0.1533948060695983,0.5147520913170518,0.4941164443081327,0.5528129160934987,0.441735550219154,0.6707288031507523,0.6241,1,1,Marginal win,Safe win
LinA,VIC,Macnamara,0.33430078048859724,0.17079258982522255,0.520102251315704,0.3043499704083646,0.5801598224299036,0.47546253359841073,0.6933545728646552,0.5625,1,1,Fairly safe win,Fairly safe win
LinA,VIC,Mallee,0.28779676295070455,0.1068642495361316,0.49817762399077276,0.13938779954364272,0.3560284101464658,0.2536829962982225,0.4862357383845169,0.33770000000000006,0,0,Safe loss,Safe loss
LinA,VIC,Maribyrnong,0.31808610132338155,0.15544887181949113,0.4951385429215842,0.4568781388904924,0.5532411282973186,0.4482918650528735,0.6640354226806885,0.612,1,1,Marginal win,Safe win
LinA,VIC,McEwen,0.3437914867281729,0.16534602717616526,0.545409932604855,0.37364727681299403,0.515103417423142,0.4002300085415856,0.6433764927801436,0.5502,1,1,Too close to call,Marginal win
LinA,VIC,Melbourne,0.31528857531510435,0.13212996762862458,0.5152235002410634,0.19144435181325553,0.7088300733657767,0.6056067491141484,0.8071141566077565,0.6706,1,1,Safe win,Safe win
LinA,VIC,Menzies,0.30611695814520584,0.14523251605037055,0.4809819778628716,0.2904465988869442,0.45317795118727844,0.351664456964541,0.5663225538822058,0.42469999999999997,0,0,Marginal loss,Fairly safe loss
LinA,VIC,Monash,0.30501612825328683,0.12214327877649583,0.511796619264824,0.28212372879743525,0.44577299045726493,0.331667173597698,0.5790794807398065,0.4264,0,0,Marginal loss,Fairly safe loss
LinA,VIC,Nicholls,0.2966239750491769,0.11971736204576043,0.49685733512786,0.17959425469306892,0.3767084561218012,0.27348566082629144,0.5024739476959098,0.29969999999999997,0,0,Safe loss,Safe loss
LinA,VIC,Scullin,0.3307083805749021,0.15272540183122613,0.5300103852053698,0.5726276015857285,0.5839117385176745,0.4702644307104462,0.704371343102579,0.7166,1,1,Fairly safe win,Safe win
LinA,VIC,Wannon,0.3173201017953176,0.13508653107436014,0.5277500909789333,0.25127255900046275,0.4429998613296755,0.3295178813904901,0.5786321655958037,0.3962,0,0,Marginal loss,Safe loss
LinA,VIC,Wills,0.3073607843759636,0.14761440516569024,0.4834781346924709,0.42214425961548047,0.6526029710643666,0.5556873299525452,0.7507413233765858,0.7585,1,1,Safe win,Safe win
LinA,WA,Brand,0.3069498169318558,0.12827867256120123,0.5005696535337993,0.3785520581624793,0.5099993702010673,0.3950582649917104,0.6336986341753073,0.5666,1,1,Too close to call,Fairly safe win
LinA,WA,Burt,0.30884558600882706,0.13605608214125137,0.49164502720607794,0.3832614102591356,0.47485347138849465,0.3648588835222686,0.5929498275734459,0.54990000000000006,0,1,Too close to call,Marginal win
LinA,WA,Canning,0.3044984040115807,0.12712295099039803,0.5019000853970963,0.2582711661259325,0.43233628626650156,0.3225708702799432,0.5594030445341263,0.3845,0,0,Fairly safe loss,Safe loss
LinA,WA,Cowan,0.30331464951567544,0.12806322258098116,0.4954947401312363,0.3606679821187697,0.46157361518987505,0.3508758599506931,0.5857220385236854,0.5083,0,1,Marginal loss,Too close to call
LinA,WA,Curtin,0.29520061544670334,0.14353730515058266,0.46173081773697217,0.17058561349726598,0.40568086029890266,0.313351261285505,0.5120364130592907,0.3567,0,0,Fairly safe loss,Safe loss
LinA,WA,Durack,0.3385860376894491,0.1502158627222384,0.550525994607986,0.20513888718709028,0.454068854628236,0.3360538016239869,0.5906388638254177,0.35240000000000005,0,0,Marginal loss,Safe loss
LinA,WA,Forrest,0.2933013092804254,0.12154539580309948,0.47922682541868367,0.1994785148101794,0.4403775582327467,0.33325814495064676,0.5603296367801073,0.3544,0,0,Marginal loss,Safe loss
LinA,WA,Fremantle,0.30656173442923834,0.1379154530582931,0.481520568168216,0.3596602355091275,0.5327890222302846,0.42377128490802807,0.6437871355254596,0.5692,1,1,Marginal win,Fairly safe win
LinA,WA,Hasluck,0.29453422128970574,0.11577180495060022,0.48776744927228294,0.2894757516919382,0.4639937888822324,0.35097907967682834,0.5887268714971945,0.4461,0,0,Marginal loss,Marginal loss
LinA,WA,Moore,0.3168325379058753,0.14650167376592152,0.5047264455015597,0.2326600874613748,0.43282316471630233,0.32718766149191,0.5539083452899526,0.3835,0,0,Fairly safe loss,Safe loss
LinA,WA,O'Connor,0.3070954925412838,0.12981440176799197,0.5120377949211156,0.198851125983737,0.4227229348521413,0.313938446519758,0.5543931030380249,0.3552,0,0,Fairly safe loss,Safe loss
LinA,WA,Pearce,0.2978170905021184,0.11876659886483751,0.4846944032402761,0.2702347924851509,0.43886175335149114,0.32761739186772554,0.5593645826335022,0.42479999999999996,0,0,Fairly safe loss,Fairly safe loss
LinA,WA,Perth,0.3110880082322922,0.15367007505913466,0.48775260285708955,0.32860126623588537,0.5161315916799647,0.4144002045277108,0.629116199286038,0.5493,1,1,Too close to call,Marginal win
LinA,WA,Stirling,0.3071769921061933,0.1437742999646546,0.4803096650041236,0.30342274654539864,0.45462594626585934,0.3514854990812179,0.5666348243592103,0.4435,0,0,Marginal loss,Marginal loss
LinA,WA,Swan,0.3145691330212257,0.16011475236720757,0.4906631701221444,0.31290788398464175,0.47076674560125986,0.37219178868534025,0.5847146448982431,0.4731,0,0,Too close to call,Too close to call
LinA,WA,Tangney,0.2954636712847013,0.1305778355472424,0.47225480560927413,0.24806876790830945,0.4286183660314522,0.32659885027198704,0.5425211166446141,0.38530000000000003,0,0,Fairly safe loss,Safe loss
Smartvote,ACT,Bean,0.41953548745889485,0.2631584886195113,0.5844079781632171,0.3617705292808883,0.5902112954109189,0.4903910760224417,0.6904469182193319,0.5752,1,1,Fairly safe win,Fairly safe win
Smartvote,ACT,Canberra,0.4292343943990413,0.27774676930052794,0.5895403068219849,0.39622000520910006,0.661300687719343,0.5701711931246991,0.7499705297232415,0.6708,1,1,Safe win,Safe win
Smartvote,ACT,Fenner,0.4640178201804079,0.29895742548370224,0.6285640360815758,0.4351974199905937,0.6280856522173444,0.5251960266186244,0.7237997282876888,0.6056,1,1,Safe win,Safe win
Smartvote,NSW,Banks,0.4675741559056434,0.2879816931089223,0.6439801706291368,0.33730588294805,0.5697180728954885,0.4541379981769532,0.6786591169924828,0.4374,1,0,Fairly safe win,Fairly safe loss
Smartvote,NSW,Barton,0.49667506375167164,0.3246550764604739,0.6654623761307097,0.4450291809217146,0.6419219277133315,0.5359036207040863,0.7380177582318881,0.5941,1,1,Safe win,Fairly safe win
Smartvote,NSW,Bennelong,0.44350951633737973,0.2870439527681632,0.6038520775715018,0.3227137539146363,0.5379552469287692,0.436641974707943,0.6397377169884485,0.43090000000000006,1,0,Marginal win,Fairly safe loss
Smartvote,NSW,Berowra,0.36483490785979283,0.21615089099276258,0.5206489346605307,0.19747932649197966,0.45386909999208397,0.35968619161980825,0.5548009983659331,0.3435,0,0,Marginal loss,Safe loss
Smartvote,NSW,Blaxland,0.44442446300387795,0.25252340047121813,0.6421235984928355,0.5009065648167023,0.6342402061921729,0.5151811151760095,0.7465420689848093,0.6472,1,1,Safe win,Safe win
Smartvote,NSW,Bradfield,0.3133004797299162,0.16984784788468082,0.46843717515891337,0.203205620814579,0.40400992039992817,0.31662711068462596,0.5030091205109375,0.3344,0,0,Fairly safe loss,Safe loss
Smartvote,NSW,Calare,0.44607221881066517,0.2543297611029674,0.6294446535398754,0.2087408064122165,0.5282118196082316,0.40459483262368845,0.6445687492891201,0.3671,1,0,Too close to call,Safe loss
Smartvote,NSW,Chifley,0.4526226443698106,0.27020664241067266,0.6435693628136951,0.49057914904600236,0.636778341736459,0.5240366887489962,0.7452128540008272,0.6236999999999999,1,1,Safe win,Safe win
Smartvote,NSW,Cook,0.4053039339833692,0.23275188890295892,0.5828700772445233,0.21682440797092767,0.464678272906562,0.35533584898982684,0.5794528855223994,0.3098,0,0,Marginal loss,Safe loss
Smartvote,NSW,Cowper,0.38471389112285537,0.18824726179534312,0.5820585363051469,0.12716515477251675,0.5129626956931347,0.3867861149074657,0.6386913233689526,0.3812,1,0,Too close to call,Safe loss
Smartvote,NSW,Cunningham,0.42613480732105036,0.2546136112308586,0.6024637789815006,0.4395308972713733,0.6340162533132506,0.5276851363313235,0.7351893169993571,0.6341,1,1,Safe win,Safe win
Smartvote,NSW,Dobell,0.5158785245836283,0.3139398590664899,0.7075534979218786,0.39014014014014015,0.6221213423782836,0.49540398679638203,0.7333387941795353,0.515,1,1,Safe win,Too close to call
Smartvote,NSW,Eden-Monaro,0.4392393990755008,0.26123574730354393,0.6262064714946071,0.36503450542228066,0.5631294130112369,0.44854093037823994,0.6788501470520052,0.5085000000000001,1,1,Fairly safe win,Too close to call
Smartvote,NSW,Farrer,0.3882099374202156,0.19489715607513414,0.5886569341664507,0.13302559406449443,0.4355016011732216,0.3161796529233071,0.5643931965197074,0.3017,0,0,Fairly safe loss,Safe loss
Smartvote,NSW,Fowler,0.41649976231822194,0.2188835747339419,0.6202558232035622,0.4738596709870389,0.5985101161742377,0.4730398741255866,0.7195783479625295,0.6399,1,1,Fairly safe win,Safe win
Smartvote,NSW,Gilmore,0.4911625512870185,0.2817204621544025,0.6909804389075989,0.3429215025473616,0.5746536873241513,0.44034959164563375,0.6966114722718195,0.5261,1,1,Fairly safe win,Too close to call
Smartvote,NSW,Grayndler,0.504533814643223,0.3442778472150435,0.6630447040249596,0.4869294108242066,0.749482491117584,0.6665308225382591,0.8215213969663501,0.7383,1,1,Safe win,Safe win
Smartvote,NSW,Greenway,0.41377550060445206,0.24419680594817164,0.5833652980902952,0.42858676975945015,0.5465587214733505,0.4369613204115422,0.6534042693748455,0.528,1,1,Marginal win,Too close to call
Smartvote,NSW,Hughes,0.48273659261319163,0.30861605487578797,0.6586268693610184,0.28886086257063126,0.5368385619216953,0.42428326979131414,0.6481001261115527,0.40149999999999997,1,0,Marginal win,Fairly safe loss
Smartvote,NSW,Hume,0.47719017879199604,0.28802083333333334,0.6640249300065876,0.24856193276236738,0.5324772503075177,0.41045682246855025,0.6506403900966586,0.3701,1,0,Marginal win,Safe loss
Smartvote,NSW,Hunter,0.40179181202544634,0.212356717774325,0.5990877820448927,0.342012045505242,0.5748404934426815,0.4534015981641806,0.6953108438452535,0.5297999999999999,1,1,Fairly safe win,Too close to call
Smartvote,NSW,Kingsford Smith,0.43156528396662075,0.2644478651867455,0.6030754273677388,0.42551980914544674,0.5863010115518436,0.4794166695548523,0.6907750519021414,0.5881000000000001,1,1,Fairly safe win,Fairly safe win
Smartvote,NSW,Lindsay,0.40492789309928484,0.2217943716912789,0.5965189932200241,0.31669375011411566,0.530212156718884,0.41206152122030304,0.6513854585547609,0.4496,1,0,Marginal win,Marginal loss
Smartvote,NSW,Lyne,0.49588797743638485,0.274704782370626,0.7027078404430073,0.2190139832488587,0.5607989304975615,0.41875800430501076,0.6882885232939613,0.3483,1,0,Fairly safe win,Safe loss
Smartvote,NSW,Macarthur,0.4648536292307247,0.27428028219307643,0.6548138818919673,0.43547042604450065,0.5787988913952754,0.45661971742585483,0.6946239847939131,0.584,1,1,Fairly safe win,Fairly safe win
Smartvote,NSW,Mackellar,0.3110590700373398,0.154353113331315,0.4767690987990715,0.1614445446522949,0.43696168183735346,0.33907721410469505,0.5439595221769089,0.3678,0,0,Fairly safe loss,Safe loss
Smartvote,NSW,Macquarie,0.4744110843664128,0.30042319551947644,0.6491100832756487,0.36633790441212766,0.6030744274880662,0.4927106924702827,0.707503358447146,0.5019,1,1,Safe win,Too close to call
Smartvote,NSW,McMahon,0.46313698445311313,0.2718503825178003,0.6567385623390394,0.40516247271529177,0.6077372907461019,0.4868303115711308,0.7220171609777118,0.5664,1,1,Safe win,Fairly safe win
Smartvote,NSW,Mitchell,0.37935688079205604,0.21826075093306307,0.5447007864040772,0.22738037932030422,0.4313329846347143,0.3312868777655804,0.5378927481578079,0.31370000000000003,0,0,Fairly safe loss,Safe loss
Smartvote,NSW,New England,0.3866739849516595,0.19503884595358903,0.5771707282212535,0.11882420528533129,0.5325567060298031,0.40903381263213173,0.6529443603575983,0.3237,1,0,Marginal win,Safe loss
Smartvote,NSW,Newcastle,0.446270948863002,0.27382438870073317,0.6286808217648592,0.43212841833133175,0.63998366085572,0.5336643637962081,0.7433501552909231,0.6383,1,1,Safe win,Safe win
Smartvote,NSW,North Sydney,0.37486006318122717,0.2239551971795342,0.5307375797401191,0.24069247767879262,0.49102927321246437,0.39385911441377014,0.5918631824382375,0.4073,0,0,Too close to call,Fairly safe loss
Smartvote,NSW,Page,0.430921909008102,0.23066302315547246,0.6264825734694854,0.25105682178461974,0.5573812854395266,0.4285403519181054,0.6787377112072697,0.40549999999999997,1,0,Marginal win,Fairly safe loss
Smartvote,NSW,Parkes,0.388221562785712,0.1899276984352176,0.5891437308868501,0.22179580957725029,0.4546562337303674,0.33070663653337945,0.5841135270845973,0.3309,0,0,Marginal loss,Safe loss
Smartvote,NSW,Parramatta,0.44078911027538714,0.27863359128275594,0.6083210787268066,0.4130658269216202,0.5846527036760875,0.480869416134048,0.6870085564857555,0.535,1,1,Fairly safe win,Marginal win
Smartvote,NSW,Paterson,0.4381180834296008,0.2428083331701682,0.6281856362461574,0.3867508492485569,0.5807286065549305,0.45562918270701674,0.6964625586654063,0.5504,1,1,Fairly safe win,Marginal win
Smartvote,NSW,Reid,0.45253724879264684,0.287527652282287,0.6118094718803551,0.3492543591695294,0.5571528897334784,0.4505428377275003,0.6570346460639458,0.4682,1,0,Marginal win,Marginal loss
Smartvote,NSW,Richmond,0.38804552248377105,0.19588011286280854,0.5783725656557683,0.29347394838578716,0.5818009940324331,0.4587830837405439,0.6975522105882358,0.5408,1,1,Fairly safe win,Marginal win
Smartvote,NSW,Riverina,0.4637595246716151,0.25663961136925956,0.6622558485707963,0.2196749036925679,0.48945617309606304,0.3576936110578918,0.6168107632649795,0.30519999999999997,0,0,Too close to call,Safe loss
Smartvote,NSW,Robertson,0.42746800707231075,0.23956782614074518,0.6150673209756902,0.3163663402669139,0.5451510256966262,0.4239173037000541,0.6628228384972039,0.4576,1,0,Marginal win,Marginal loss
Smartvote,NSW,Shortland,0.44630282443754693,0.2487442436045686,0.6427033250157221,0.3849775805741994,0.597369456140546,0.4717221884576181,0.7145702259081198,0.5445,1,1,Fairly safe win,Marginal win
Smartvote,NSW,Sydney,0.4292065812602511,0.2597792632961518,0.6119154038671397,0.4753015654008867,0.6780013836408524,0.5780680911757766,0.7749232000524118,0.6867,1,1,Safe win,Safe win
Smartvote,NSW,Warringah,0.24953518095485108,0.116098397941065,0.39578137781058587,0.06278086992372707,0.42440630778966065,0.3413238348040011,0.5186108532160587,0.4788,0,0,Fairly safe loss,Too close to call
Smartvote,NSW,Watson,0.4440866597381921,0.2643277905536883,0.6233066513355741,0.45172131232561274,0.6337090228324425,0.5221468695475244,0.7365330426926688,0.6352,1,1,Safe win,Safe win
Smartvote,NSW,Wentworth,0.3053930193469056,0.16459397280921828,0.46632537707128896,0.10617670899756823,0.43208053988111855,0.3440297133274883,0.5359845007127729,0.40149999999999997,0,0,Fairly safe loss,Fairly safe loss
Smartvote,NSW,Werriwa,0.4209382055795798,0.2326374803872795,0.6147841644024339,0.422343810122662,0.5760803288560205,0.4553710065217327,0.6944515829382191,0.5547,1,1,Fairly safe win,Marginal win
Smartvote,NSW,Whitlam,0.44499171051449227,0.2557774294357858,0.6365551084796869,0.4526293917301316,0.6104598907488007,0.4910930680052464,0.7232804687580907,0.6091,1,1,Safe win,Safe win
Smartvote,NT,Lingiari,0.3581852587169624,0.17173734334284652,0.5588829259213299,0.4253759140543826,0.5217712973887523,0.40172091245872726,0.6490322205987311,0.5546,1,1,Too close to call,Marginal win
Smartvote,NT,Solomon,0.4368092918164486,0.2658890134039673,0.6161022252623306,0.3829207319190306,0.5686867242513743,0.4587588606609063,0.6794188577640282,0.5307999999999999,1,1,Fairly safe win,Marginal win
Smartvote,QLD,Blair,0.3489639706526714,0.1680679837586781,0.5423812815844051,0.2891985726685312,0.5343491371095914,0.41763691782817053,0.6563400431400388,0.5121,1,1,Marginal win,Too close to call
Smartvote,QLD,Bonner,0.4218272816271662,0.24889535053625184,0.5946584256309847,0.3018850423078112,0.540116255906964,0.4283045600157156,0.6493140798465159,0.42590000000000006,1,0,Marginal win,Fairly safe loss
Smartvote,QLD,Bowman,0.3759087116022319,0.1906941879629078,0.5690698159289925,0.25683666653569603,0.4828513091511811,0.36479840723127444,0.6071959933367382,0.39759999999999995,0,0,Too close to call,Safe loss
Smartvote,QLD,Brisbane,0.3493021525934398,0.19422546751905498,0.5085309958091857,0.23874631888935632,0.528611150341734,0.4281744358763766,0.6302234591073593,0.4508,1,0,Too close to call,Marginal loss
Smartvote,QLD,Capricornia,0.41314533578174184,0.21323662119622247,0.6142597061909758,0.22237430902869176,0.5506360548822218,0.4219713748754373,0.6758394486139416,0.3765,1,0,Marginal win,Safe loss
Smartvote,QLD,Dawson,0.3541770562180923,0.16913251407470187,0.555273725205319,0.18861329147043432,0.487546493099854,0.3694154405209508,0.6167400283230242,0.3539,0,0,Too close to call,Safe loss
Smartvote,QLD,Dickson,0.3730085386932688,0.19639340214331572,0.554056990468665,0.29961327492995543,0.5041615312548947,0.390532679750894,0.6203102159342841,0.4536,1,0,Too close to call,Marginal loss
Smartvote,QLD,Fadden,0.3227006828704782,0.14980343018976905,0.5092294649761042,0.21404466355606422,0.42552219113454054,0.3190504829680341,0.5454769694012735,0.3582,0,0,Fairly safe loss,Safe loss
Smartvote,QLD,Fairfax,0.36463743253662295,0.18742202284993342,0.5466621273868767,0.20100618082506827,0.5123895738555846,0.39818809318348414,0.6287933660521169,0.36560000000000004,1,0,Too close to call,Safe loss
Smartvote,QLD,Fisher,0.34942698075820516,0.1656514348363995,0.5426357134954083,0.21156286043829298,0.5144462547207326,0.39614618750998903,0.63759678606388,0.373,1,0,Too close to call,Safe loss
Smartvote,QLD,Flynn,0.4227578556076794,0.2246812292049846,0.6259532125069748,0.26984227262198074,0.5392450255359044,0.41170239866513997,0.6666609987331009,0.41340000000000005,1,0,Marginal win,Fairly safe loss
Smartvote,QLD,Forde,0.31487158290076916,0.13956162618876217,0.5019351722047509,0.2813831616015336,0.481559990423006,0.36967393887298605,0.6022018594953231,0.414,0,0,Too close to call,Fairly safe loss
Smartvote,QLD,Griffith,0.3944953142867768,0.2349522596480137,0.5590167439871329,0.3025539889520109,0.5631698895998608,0.46026573963211226,0.6656873231014768,0.5286,1,1,Fairly safe win,Too close to call
Smartvote,QLD,Groom,0.3547186167631908,0.17406030949652618,0.5381641838809914,0.1806242901184488,0.443096868601556,0.3305238980526373,0.5614318940466468,0.2952,0,0,Marginal loss,Safe loss
Smartvote,QLD,Herbert,0.30072873246037746,0.1344125720953811,0.4809945575758732,0.2394958843523486,0.4738529851586102,0.36785481503879097,0.5903734868618372,0.4164,0,0,Too close to call,Fairly safe loss
Smartvote,QLD,Hinkler,0.41449526261208414,0.19714133076342913,0.6373648705271096,0.21135997276650278,0.5119684477059431,0.37296322476964844,0.6530464718103532,0.355,1,0,Too close to call,Safe loss
Smartvote,QLD,Kennedy,0.3027334028373409,0.11512722683939151,0.5009474234223574,0.1627199199533061,0.473322947841625,0.35438773850855126,0.6010427816269482,0.3549,0,0,Too close to call,Safe loss
Smartvote,QLD,Leichhardt,0.3710325417343418,0.1935387454229176,0.5526655197931784,0.269383500964094,0.5226906823883595,0.408130460262738,0.6383173361900254,0.4583,1,0,Too close to call,Marginal loss
Smartvote,QLD,Lilley,0.4161119292937942,0.23989924936495705,0.5902645774466992,0.3440475595743618,0.5541641458358931,0.44040792602427487,0.6631434075856489,0.5064,1,1,Marginal win,Too close to call
Smartvote,QLD,Longman,0.42387895659544955,0.22014805324908007,0.6243016356175467,0.3211157564177749,0.54762146278033,0.41646808498160937,0.6726742107486071,0.4672,1,0,Marginal win,Marginal loss
Smartvote,QLD,Maranoa,0.36695554663483376,0.162602867073029,0.5859028533398125,0.1493895809387717,0.43543202836847295,0.3097880483410712,0.5760518849401383,0.2458,0,0,Fairly safe loss,Safe loss
Smartvote,QLD,McPherson,0.39927907733088147,0.22041991079463202,0.5866265307719393,0.21401018517581072,0.4894660126747422,0.37500925517903144,0.61004662588423475,0.37799999999999995,0,0,Too close to call,Safe loss
Smartvote,QLD,Moncrieff,0.3754272515125324,0.20387683664649958,0.5537303370786517,0.20175885023308837,0.4490805192868417,0.3413775666534998,0.5642281739819908,0.3464,0,0,Marginal loss,Safe loss
Smartvote,QLD,Moreton,0.36743192272309105,0.20899899242125553,0.5350781968721251,0.34100662450102204,0.5396002129967997,0.43707078503136826,0.6457088494684926,0.519,1,1,Marginal win,Too close to call
Smartvote,QLD,Oxley,0.3982546305709666,0.2278260280206427,0.579985670161985,0.405107376971559,0.5579036940052868,0.4480225464274691,0.6710355402829435,0.5639,1,1,Marginal win,Fairly safe win
Smartvote,QLD,Petrie,0.40106815598576906,0.22159820727255927,0.5869643764727626,0.29739113936059197,0.5234601131300759,0.40764533735241154,0.6416164768333775,0.41600000000000004,1,0,Too close to call,Fairly safe loss
Smartvote,QLD,Rankin,0.41213904088969167,0.22977828543094442,0.6040677185712515,0.3822343027996738,0.5719636089946015,0.4549103928785313,0.6896740359646399,0.5644,1,1,Fairly safe win,Fairly safe win
Smartvote,QLD,Ryan,0.35050154929319227,0.20144203443281203,0.5148172934122954,0.23847360696391517,0.5021350486806814,0.40583993517827044,0.6079860779199318,0.4397,1,0,Too close to call,Fairly safe loss
Smartvote,QLD,Wide Bay,0.39241583024854576,0.1889957694341618,0.5967255420412478,0.20720729863302856,0.5070609788926497,0.37678444864549415,0.6373159576118478,0.3685,1,0,Too close to call,Safe loss
Smartvote,QLD,Wright,0.3944755902391058,0.20536357524858775,0.5912444939445933,0.1759853434404141,0.5163992010358021,0.3947055278466446,0.6415742131261383,0.3542,1,0,Too close to call,Safe loss
Smartvote,SA,Adelaide,0.3903366477712129,0.2294583475113682,0.5581518544869613,0.38781121124179013,0.5854177952413716,0.4824919890270201,0.6878461130679205,0.5818,1,1,Fairly safe win,Fairly safe win
Smartvote,SA,Barker,0.3398601288596243,0.13607749842464315,0.5529319902464861,0.19844851778037947,0.46222423935120893,0.3344047721771789,0.5992883571347973,0.3106,0,0,Marginal loss,Safe loss
Smartvote,SA,Boothby,0.4312518498276297,0.2578251912889935,0.6099445051711091,0.3300611910712747,0.5622835085981807,0.45053976728901335,0.6732541943545607,0.48619999999999997,1,0,Fairly safe win,Too close to call
Smartvote,SA,Grey,0.4510242284981672,0.23243332310081438,0.6647253471532528,0.21246996787575023,0.5333873030352408,0.3930215573025783,0.667433227315866,0.3668,1,0,Marginal win,Safe loss
Smartvote,SA,Hindmarsh,0.40717030274493393,0.22490626416936976,0.6005558752746678,0.4122797003837406,0.5869075560406439,0.47056649726977107,0.7037323042859973,0.5654,1,1,Fairly safe win,Fairly safe win
Smartvote,SA,Kingston,0.4282341631544784,0.23779038407035957,0.6201328384271491,0.48500379650721337,0.5925867867398854,0.4712258468912411,0.7079182509281907,0.6194,1,1,Fairly safe win,Safe win
Smartvote,SA,Makin,0.39498344741430913,0.21057222670449122,0.58419696535929,0.4624390243902439,0.5722704434496872,0.4539025820863632,0.6884303834524491,0.5972,1,1,Fairly safe win,Fairly safe win
Smartvote,SA,Mayo,0.36224836580186504,0.18551287969716557,0.5451001754223986,0.1324258277689819,0.5344326177601189,0.420315532560024,0.6501035906470145,0.4746,1,0,Marginal win,Too close to call
Smartvote,SA,Spence,0.4739774897929425,0.26522583114610676,0.6795380395158939,0.4791204114860864,0.6587091065204036,0.5319548430027315,0.7706829495949905,0.6413,1,1,Safe win,Safe win
Smartvote,SA,Sturt,0.4287763246371707,0.25344017419008813,0.6020945237390031,0.2825800108664718,0.5422281039696132,0.42891139420160757,0.6515976601231911,0.4313,1,0,Marginal win,Fairly safe loss
Smartvote,TAS,Bass,0.4170649446440569,0.23110960184617182,0.610087488680513,0.3317633001264363,0.5706848633531169,0.4513102378772828,0.6891902100793441,0.4959,1,0,Fairly safe win,Too close to call
Smartvote,TAS,Braddon,0.454990771738814,0.25073433087828595,0.6614720095484848,0.2979164176726027,0.5675309299880096,0.4364627110894372,0.6940862982369046,0.46909999999999996,1,0,Fairly safe win,Marginal loss
Smartvote,TAS,Clark,0.3207057908540498,0.16283027817304208,0.4893543706927819,0.19726681127982645,0.6555094019281447,0.5598451559847707,0.7493195001313026,0.6617000000000001,1,1,Safe win,Safe win
Smartvote,TAS,Franklin,0.4533232350312779,0.26794980637473936,0.6401131963062258,0.4260941484595768,0.6187898324278569,0.5024356183256604,0.7278268361102134,0.6221,1,1,Safe win,Safe win
Smartvote,TAS,Lyons,0.36353168377701733,0.1663459401804364,0.5691917396263869,0.3479217506100732,0.5463854780946925,0.41944776824144303,0.6746146535972131,0.5518,1,1,Marginal win,Marginal win
Smartvote,VIC,Aston,0.42625919248349414,0.25018514243501544,0.6017595456853964,0.28713709716221286,0.5271634483607562,0.4134101255459006,0.6387905922231624,0.3987,1,0,Too close to call,Safe loss
Smartvote,VIC,Ballarat,0.47200899099642873,0.2805920225340778,0.6543840853075801,0.45707447006668406,0.6080550594775845,0.48681770385143297,0.7161416498953259,0.6098,1,1,Safe win,Safe win
Smartvote,VIC,Bendigo,0.46866228607944804,0.28501906711416375,0.6532388117083511,0.41838477434208665,0.6085006777833772,0.4923960724045393,0.7177127545414236,0.5904,1,1,Safe win,Fairly safe win
Smartvote,VIC,Bruce,0.4701657325911951,0.2765598989235012,0.6668833607935871,0.5246801473199338,0.631700859616725,0.5113581303968754,0.743996262659224,0.6415000000000001,1,1,Safe win,Safe win
Smartvote,VIC,Calwell,0.519502868897096,0.3284815390556155,0.7184772815034111,0.4890695067264574,0.6997587073224172,0.5902105005221574,0.7998539327620356,0.688,1,1,Safe win,Safe win
Smartvote,VIC,Casey,0.3971568092868662,0.2187841718129253,0.579983184517956,0.2675318590704648,0.5418442629066637,0.42664954630019775,0.6569329769464313,0.4536,1,0,Marginal win,Marginal loss
Smartvote,VIC,Chisholm,0.43204432577319585,0.2695525773195876,0.597682886597938,0.32763148627028765,0.5561108385341192,0.45116239027564364,0.659862265964297,0.4943,1,0,Marginal win,Too close to call
Smartvote,VIC,Cooper,0.44777637949031746,0.2786903390684616,0.6137760060470808,0.4450310831779988,0.7620980834206434,0.6771130874930203,0.8344352527403858,0.7631999999999999,1,1,Safe win,Safe win
Smartvote,VIC,Corangamite,0.42405532140541374,0.24844984668813397,0.6047900341792045,0.34065736750585923,0.5674130926613711,0.454450115365567,0.6791285040864762,0.5107,1,1,Fairly safe win,Too close to call
Smartvote,VIC,Corio,0.4336815781540471,0.2514485253479375,0.6216042807616942,0.45908203125,0.6010535884828168,0.4853764145016352,0.7130242011630099,0.6032,1,1,Safe win,Safe win
Smartvote,VIC,Deakin,0.46609965861221897,0.2964861810335971,0.6348808645377021,0.31203659883262347,0.5648914808852682,0.4555995240866126,0.669836295904267,0.4522,1,0,Fairly safe win,Marginal loss
Smartvote,VIC,Dunkley,0.42757603789726245,0.2438021161107615,0.6152070877910635,0.3654166421755912,0.5550235377589187,0.436575104131036,0.6719072237574322,0.5274,1,1,Marginal win,Too close to call
Smartvote,VIC,Flinders,0.4145812264070464,0.2165209324148521,0.6141946938514363,0.23266327758159028,0.5171891103581435,0.3899006901742426,0.644032168083989,0.4436,1,0,Too close to call,Marginal loss
Smartvote,VIC,Fraser,0.4850316802175342,0.2959194331145386,0.672790218164465,0.4736980883322347,0.6827496781086424,0.5714977731475666,0.781454908453616,0.6418,1,1,Safe win,Safe win
Smartvote,VIC,Gellibrand,0.4449452463545252,0.2762317726260829,0.6159944926732885,0.46949947607062764,0.6672367712246275,0.5661778356416783,0.7604902457333902,0.6483,1,1,Safe win,Safe win
Smartvote,VIC,Gippsland,0.4548445417248234,0.25163684811572135,0.6545536733917015,0.21986705621678856,0.5053080112651376,0.37520251171655983,0.6328345469546343,0.3333,1,0,Too close to call,Safe loss
Smartvote,VIC,Goldstein,0.3987525670279521,0.2393910931014812,0.5689704349194484,0.2768064579641662,0.5172347067009253,0.41417429175885573,0.6261445820383841,0.42210000000000003,1,0,Too close to call,Fairly safe loss
Smartvote,VIC,Gorton,0.43880327119529466,0.25509228804705336,0.6322916263591688,0.4711624485576254,0.6321702552203667,0.5181117356744016,0.7426024182737508,0.6536,1,1,Safe win,Safe win
Smartvote,VIC,Higgins,0.3611877754206228,0.21516699868056813,0.523896808354677,0.24866151100535397,0.5091593678352139,0.4146730800404392,0.6137749713152231,0.4612,1,0,Too close to call,Marginal loss
Smartvote,VIC,Holt,0.4091118879756943,0.22889514275698206,0.5982505940092703,0.48636032241079025,0.5638673332312847,0.4479395348790103,0.6808182999085669,0.5870000000000001,1,1,Fairly safe win,Fairly safe win
Smartvote,VIC,Hotham,0.42247204718374065,0.2504566688989116,0.5904886195851251,0.4346298972382787,0.567121376338601,0.4563507039401565,0.6714515115808607,0.5590999999999999,1,1,Fairly safe win,Marginal win
Smartvote,VIC,Indi,0.32579053785797124,0.14686406235307636,0.516913063011294,0.11559631289256042,0.5197087172290146,0.4043571029479118,0.6412989053526927,0.37270000000000003,1,0,Too close to call,Safe loss
Smartvote,VIC,Isaacs,0.4444518330008605,0.2745941875928968,0.6185710513963857,0.4292742805666373,0.5686756794716455,0.45939330149282953,0.6764134555940516,0.5643,1,1,Fairly safe win,Fairly safe win
Smartvote,VIC,Jagajaga,0.47427798707758373,0.3061204187966,0.6406085945887382,0.4070500118887216,0.6137604641236726,0.5077860740683654,0.7122711089115654,0.5657,1,1,Safe win,Fairly safe win
Smartvote,VIC,Kooyong,0.308939236803918,0.16471703246871033,0.46398648648648644,0.16329290039387823,0.4612288167323387,0.3694097075579592,0.5617782855558375,0.43320000000000003,0,0,Marginal loss,Fairly safe loss
Smartvote,VIC,La Trobe,0.4445223869771105,0.2654864413980333,0.6295807558000973,0.3295097042737525,0.5413957867783741,0.4258081110944777,0.6578644711111913,0.4551,1,0,Marginal win,Marginal loss
Smartvote,VIC,Lalor,0.4308754699205345,0.2525441702545991,0.6124682547629232,0.4941164443081327,0.6183321697748174,0.5063331614297695,0.7245586704442206,0.6241,1,1,Safe win,Safe win
Smartvote,VIC,Macnamara,0.40207113126177635,0.24952813332467028,0.5648690793320771,0.3043499704083646,0.6222683431684146,0.5269257876622974,0.717682678818772,0.5625,1,1,Safe win,Fairly safe win
Smartvote,VIC,Mallee,0.3832698535680257,0.17114437590893133,0.5997758387242365,0.13938779954364272,0.41427126768869466,0.28682472286169425,0.5525038826411584,0.33770000000000006,0,0,Fairly safe loss,Safe loss
Smartvote,VIC,Maribyrnong,0.5052229209503709,0.3409645920705804,0.6711242855460645,0.4568781388904924,0.66733768981338,0.569027705794611,0.7580194341912981,0.612,1,1,Safe win,Safe win
Smartvote,VIC,McEwen,0.48737527536042224,0.30577166350411134,0.668002028397566,0.37364727681299403,0.6057386869380351,0.49074126927478084,0.7131740842294918,0.5502,1,1,Safe win,Marginal win
Smartvote,VIC,Melbourne,0.33957175425304775,0.17273538122460227,0.5187964047110681,0.19144435181325553,0.7220812606025064,0.630680931061713,0.808565529343859,0.6706,1,1,Safe win,Safe win
Smartvote,VIC,Menzies,0.4559531110095064,0.2864853022422892,0.6197757710845668,0.2904465988869442,0.5493206759629954,0.4397692163852941,0.6525031128389012,0.42469999999999997,1,0,Marginal win,Fairly safe loss
Smartvote,VIC,Monash,0.5263580386369734,0.3234918164743762,0.7232975583579285,0.28212372879743525,0.5863583267098784,0.45666827755354655,0.7052561098020583,0.4264,1,0,Fairly safe win,Fairly safe loss
Smartvote,VIC,Nicholls,0.42147044725126825,0.2117356869241122,0.6270530075577181,0.17959425469306892,0.45451868844955384,0.3238325399783551,0.5867615276071573,0.29969999999999997,0,0,Marginal loss,Safe loss
Smartvote,VIC,Scullin,0.4577683837190468,0.2706551254323199,0.6486970854730985,0.5726276015857285,0.6604574013175046,0.5472380151759587,0.7647288235045944,0.7166,1,1,Safe win,Safe win
Smartvote,VIC,Wannon,0.42405614916501555,0.21899336864663782,0.6261316768428288,0.25127255900046275,0.5111796806079768,0.3797056244322082,0.6398255478202913,0.3962,1,0,Too close to call,Safe loss
Smartvote,VIC,Wills,0.38826346743329765,0.2256284802205576,0.5579865960495528,0.42214425961548047,0.6983862536822945,0.6053542949005752,0.7854214594727152,0.7585,1,1,Safe win,Safe win
Smartvote,WA,Brand,0.3980638790971235,0.20889146396089353,0.5935809297524685,0.3785520581624793,0.567900185534176,0.44641896167737977,0.688155518136827,0.5666,1,1,Fairly safe win,Fairly safe win
Smartvote,WA,Burt,0.3533446867860125,0.1848471780002386,0.5399915583164345,0.3832614102591356,0.5034087192014269,0.3949243277874279,0.6230906183762028,0.54990000000000006,1,1,Too close to call,Marginal win
Smartvote,WA,Canning,0.3902080252442149,0.19380037907979422,0.5900324925537898,0.2582711661259325,0.4868809091416178,0.3618139584989072,0.6152336320060701,0.3845,0,0,Too close to call,Safe loss
Smartvote,WA,Cowan,0.37658155400479115,0.1972607020102073,0.5666993021560254,0.3606679821187697,0.5084795635967567,0.3931442296672333,0.630097992914861,0.5083,1,1,Too close to call,Too close to call
Smartvote,WA,Curtin,0.3343735685819503,0.18624829743227564,0.49638551177924634,0.17058561349726598,0.4301592713974628,0.3378855115208273,0.5346543051220978,0.3567,0,0,Fairly safe loss,Safe loss
Smartvote,WA,Durack,0.37395511968085104,0.18344551515593124,0.5753406441270766,0.20513888718709028,0.4765935581134096,0.3557235442178895,0.6062419037299364,0.35240000000000005,0,0,Too close to call,Safe loss
Smartvote,WA,Forrest,0.399573056470663,0.21519972882217725,0.5955483406247681,0.1994785148101794,0.5082517166277757,0.3897389548207258,0.6334141322601252,0.3544,1,0,Too close to call,Safe loss
Smartvote,WA,Fremantle,0.37022308532498105,0.20483082631767946,0.541784702549575,0.3596602355091275,0.573274545454723,0.4669966222445777,0.6790783824459763,0.5692,1,1,Fairly safe win,Fairly safe win
Smartvote,WA,Hasluck,0.3945104244130458,0.2164777435461596,0.586560607670243,0.2894757516919382,0.527967632272863,0.4130891096919014,0.649587842453473,0.4461,1,0,Too close to call,Marginal loss
Smartvote,WA,Moore,0.35418529573319235,0.18424898174921495,0.5377628537968059,0.2326600874613748,0.4564909110984239,0.34929151726795854,0.5751573791257861,0.3835,0,0,Marginal loss,Safe loss
Smartvote,WA,O'Connor,0.38751503509382224,0.18996603163559725,0.5872178681781905,0.198851125983737,0.47375015021741684,0.34878939025908406,0.6023266713965281,0.3552,0,0,Too close to call,Safe loss
Smartvote,WA,Pearce,0.32157487142819074,0.14521641810930602,0.5124126200225612,0.2702347924851509,0.45393754603487785,0.343042077482731,0.5771578964328472,0.42479999999999996,0,0,Marginal loss,Fairly safe loss
Smartvote,WA,Perth,0.3876021516641523,0.2243374122292377,0.5550487977500884,0.32860126623588537,0.5650790572350092,0.45986622633375174,0.6691910887493244,0.5493,1,1,Fairly safe win,Marginal win
Smartvote,WA,Stirling,0.36781664817578447,0.19956947335349332,0.5407768134155442,0.30342274654539864,0.49350926178104637,0.3854425274409108,0.6050054622344925,0.4435,0,0,Too close to call,Marginal loss
Smartvote,WA,Swan,0.3875547867753177,0.22327343447499032,0.5588044281741701,0.31290788398464175,0.5177268425432747,0.41155253971537004,0.6272578950860203,0.4731,1,0,Too close to call,Too close to call
Smartvote,WA,Tangney,0.4139941191389532,0.2422011222775259,0.5854796098447621,0.24806876790830945,0.5044086098601231,0.3937655151848072,0.6146223985633723,0.38530000000000003,1,0,Too close to call,Safe loss
